TV,Sales
16.0,54.73275715
13.0,46.67789698
41.0,150.1778288
83.0,298.2463398
15.0,56.5941808
29.0,105.8891476
55.0,198.6798248
31.0,108.7339319
76.0,270.1894
13.0,48.28058223
62.0,224.9610192
42.0,145.5439916
64.0,229.6323807
,276.1653513
34.0,121.3364193
36.0,123.5261126
60.0,212.7643968
25.0,89.8199226
100.0,353.8046387
92.0,329.3505396
46.0,162.1913335
78.0,276.4013399
37.0,128.4846619
99.0,349.8615752
75.0,272.2501078
54.0,192.4619083
,342.9133724
27.0,96.74937343
21.0,76.99292807
40.0,139.2887894
67.0,234.8510253
90.0,323.0321827
12.0,40.79219533
81.0,290.7775735
43.0,150.6264947
47.0,161.7851523
43.0,155.5991953
75.0,263.0206872
79.0,281.5789422
65.0,231.6700477
43.0,148.7069665
82.0,294.9524151
68.0,242.8248811
98.0,351.7730679
26.0,91.92229739
10.0,32.56682505
,318.9697838
32.0,115.2625668
29.0,101.8731014
32.0,111.8997121
29.0,104.3526653
91.0,326.3817124
83.0,300.7305325
72.0,255.1551652
47.0,161.7170871
10.0,39.62567824
49.0,169.0081129
14.0,50.98848158
20.0,70.47172273
17.0,58.59009126
68.0,237.7721637
91.0,322.1004964
52.0,181.0796122
41.0,145.9192
65.0,228.5646491
82.0,288.9822393
14.0,49.81567405
84.0,299.099052
99.0,351.3598902
15.0,55.00971238
64.0,223.0991462
70.0,247.1394014
77.0,274.7071
81.0,289.1757587
46.0,168.0365387
,91.17721555
56.0,198.3215216
98.0,349.7452965
47.0,166.1372196
18.0,59.28931563
77.0,272.6321364
22.0,77.41731834
99.0,349.4239745
36.0,127.0926738
12.0,43.06509252
94.0,336.5934202
97.0,345.3131637
44.0,154.2065565
86.0,304.7437748
93.0,335.2090696
30.0,104.1809671
32.0,112.269694
29.0,103.6348659
72.0,262.4011715
14.0,51.44298395
95.0,336.7606331
20.0,72.62590273
49.0,174.1981389
29.0,98.99963768
,56.18672988
39.0,140.4152859
87.0,309.3616681
38.0,133.5654887
43.0,152.2546677
30.0,112.3081088
93.0,333.5791129
86.0,307.6190894
63.0,225.4862319
93.0,333.9664321
94.0,334.6459156
63.0,222.4683071
30.0,105.1853123
18.0,62.31766345
24.0,86.11553566
56.0,197.225133
40.0,143.8359148
74.0,263.105633
52.0,182.9860143
74.0,267.7373384
,336.8186903
70.0,250.7513879
99.0,356.5821434
42.0,145.2164746
85.0,303.397391
38.0,132.3443679
30.0,104.5039262
49.0,174.5641128
27.0,96.43343282
30.0,104.1503565
100.0,354.7973747
21.0,80.94072509
38.0,131.1015188
39.0,135.5443199
14.0,49.18778559
40.0,141.3801238
33.0,119.3308074
88.0,321.0466894
67.0,240.4027581
65.0,226.9989318
95.0,341.4281402
95.0,335.3014311
,65.25918923
77.0,273.9603772
70.0,249.3019048
34.0,117.0546557
59.0,208.7495053
30.0,106.0995933
68.0,243.0816632
43.0,156.9537519
18.0,61.70848657
84.0,299.3466037
61.0,222.4507601
24.0,82.54907175
41.0,144.5920869
67.0,234.021177
51.0,183.3277351
100.0,354.1039697
44.0,160.5796388
10.0,35.54799802
21.0,77.54794767
32.0,110.3748636
98.0,351.4266721
39.0,131.0772545
,328.5551842
40.0,146.1456862
44.0,153.5822256
49.0,174.9861639
78.0,278.955153
49.0,178.3746767
55.0,197.0111372
73.0,261.0908818
58.0,204.099035
82.0,288.0207452
27.0,97.61236339
94.0,336.3726161
69.0,245.979961
94.0,334.643793
70.0,246.4947988
88.0,312.1429635
64.0,219.5681841
39.0,138.3753078
99.0,349.0483366
81.0,288.649441
,56.54529263
25.0,92.35709194
94.0,331.4840935
73.0,258.3589687
36.0,125.3870645
78.0,271.0264376
89.0,320.2643973
44.0,152.8312537
79.0,282.7480985
41.0,142.6268646
26.0,88.96782897
17.0,63.25378214
34.0,117.1141409
13.0,48.30375112
98.0,345.9528384
12.0,37.24327179
11.0,45.55251127
89.0,316.7256236
39.0,135.7731514
86.0,308.3930492
22.0,78.03149813
76.0,269.6030059
33.0,116.2374967
12.0,50.00921016
83.0,292.857168
77.0,
37.0,135.5300789
,208.8163817
92.0,325.5137107
100.0,357.1245732
94.0,334.0892379
100.0,
27.0,97.50795879
53.0,191.6180402
73.0,256.4252258
78.0,279.5906387
59.0,209.8956538
44.0,159.6309441
74.0,
82.0,290.0198478
47.0,170.1261872
22.0,78.81257166
78.0,277.0940713
19.0,
15.0,51.15173712
78.0,275.8154126
63.0,225.791715
45.0,162.3039063
22.0,
31.0,111.1277488
23.0,80.45443519
19.0,69.99070666
40.0,138.6769979
27.0,
35.0,118.5011567
63.0,229.0903237
78.0,276.9190626
91.0,322.6677652
44.0,157.490072
16.0,56.81533661
40.0,139.792394
60.0,212.1691189
49.0,177.5025509
71.0,253.9861099
59.0,215.9054823
92.0,327.6536439
60.0,214.4576138
28.0,97.20055286
29.0,99.10933661
97.0,347.1547599
11.0,41.35123045
49.0,173.1550912
38.0,139.8343646
18.0,65.125304
42.0,152.9496029
76.0,270.6378511
86.0,303.6096465
70.0,248.0514829
69.0,239.7328932
47.0,162.1479537
46.0,167.5332259
98.0,343.7047069
63.0,222.4538087
66.0,229.5582512
76.0,269.0373261
12.0,42.65152205
75.0,263.5238127
85.0,296.2485996
12.0,46.84859882
90.0,322.4697556
88.0,312.3107698
35.0,123.9521411
89.0,320.5882954
54.0,188.8286445
16.0,55.33417257
98.0,342.6522282
23.0,84.70733843
93.0,333.0773697
52.0,188.1163762
27.0,98.16192205
13.0,47.50814092
83.0,294.4933353
66.0,231.9942926
19.0,62.0795245
85.0,304.9042152
63.0,220.7061299
62.0,225.469526
45.0,157.6872981
23.0,79.93998662
50.0,185.3102927
60.0,216.2681567
25.0,91.95954527
31.0,111.1431062
77.0,275.3886734
27.0,93.35175941
77.0,276.0838978
95.0,333.3682547
48.0,172.8854592
14.0,53.97461493
24.0,91.49656896
65.0,229.1969742
35.0,125.3393415
86.0,306.6065875
48.0,170.2833159
59.0,210.5717703
88.0,314.1805472
78.0,280.8316239
79.0,286.677508
22.0,73.09318596
46.0,160.6150905
83.0,295.4915271
26.0,94.00245512
34.0,123.1219261
50.0,174.7450326
79.0,281.5928898
75.0,267.8036097
32.0,116.7838444
29.0,105.7767079
96.0,343.0877465
74.0,258.3754265
49.0,171.8566675
34.0,118.9163836
37.0,129.0148388
37.0,132.5496146
59.0,208.2744516
48.0,175.5461581
80.0,285.5962329
28.0,91.49752891
64.0,226.276965
50.0,180.3195365
46.0,164.7562034
86.0,309.2043274
69.0,246.091519
85.0,300.5584458
52.0,183.7118744
54.0,191.0034733
17.0,61.86530832
93.0,331.6478588
85.0,297.0564909
21.0,73.87341975
88.0,314.311367
75.0,268.7997822
38.0,132.3260378
95.0,339.115278
46.0,163.6396214
75.0,269.4449939
64.0,225.0640548
35.0,125.3289243
30.0,104.5246807
86.0,307.8933318
79.0,282.7108546
16.0,54.65466518
63.0,228.4241305
78.0,277.3993307
24.0,86.22925533
34.0,124.595707
36.0,125.0736865
64.0,228.5424705
79.0,281.1147925
11.0,46.52969738
22.0,74.74160402
46.0,161.1829547
49.0,174.556761
39.0,141.5900868
38.0,137.697369
23.0,78.65146156
17.0,58.92532301
57.0,204.4533806
24.0,86.78602638
38.0,133.3876269
55.0,199.1316965
84.0,300.5678307
23.0,82.71102545
25.0,89.0932451
61.0,214.5067384
92.0,334.2548231
52.0,184.2832675
42.0,151.1302268
87.0,314.0867756
23.0,82.1296575
16.0,55.74975786
97.0,345.6002412
83.0,301.0213397
32.0,114.2225515
81.0,286.3361747
81.0,290.1991827
32.0,115.3592435
24.0,82.90996955
93.0,328.3217343
52.0,183.6120012
21.0,70.90876724
15.0,53.54400783
62.0,222.4692477
45.0,159.8115953
84.0,300.7539331
12.0,41.86991628
66.0,238.3714378
71.0,253.4613277
30.0,108.7079901
96.0,340.7979819
81.0,291.8702502
61.0,218.7967423
88.0,312.2336302
95.0,338.7265651
32.0,108.8352652
23.0,84.46857638
19.0,63.78917282
99.0,347.8821393
21.0,72.79319186
83.0,294.3729329
34.0,122.398031
65.0,226.0680983
42.0,147.6703206
28.0,108.6542411
84.0,301.9796888
74.0,262.0000087
58.0,203.0578945
63.0,223.8418947
46.0,164.791014
51.0,180.3746086
42.0,146.3577853
98.0,343.9400859
18.0,66.54840294
72.0,258.0178365
90.0,320.7153444
47.0,167.0873958
11.0,42.71995548
59.0,211.0777734
49.0,173.0991172
51.0,178.2981283
49.0,173.7272456
88.0,313.6573391
49.0,175.7308268
21.0,81.00013719
84.0,297.4868165
13.0,44.06889906
55.0,192.8000619
73.0,260.8904476
47.0,170.979336
34.0,119.4727749
98.0,347.5747397
72.0,255.2829028
59.0,210.3998707
88.0,311.6077516
94.0,334.3205757
55.0,201.1568419
23.0,80.78641866
63.0,224.1978986
31.0,107.972791
29.0,103.8823237
100.0,358.3505386
21.0,71.40097342
15.0,52.03837385
63.0,226.1354247
43.0,153.6567212
97.0,348.3927363
19.0,69.36480656
100.0,355.0516262
62.0,220.6092421
37.0,131.7305548
88.0,314.9454726
33.0,119.4005846
37.0,130.9591588
66.0,240.6929268
79.0,281.2953957
67.0,242.5873706
43.0,146.5321116
61.0,214.4367376
81.0,291.1435571
17.0,61.21910758
90.0,321.0701137
16.0,58.20951843
68.0,240.8030093
90.0,319.4375263
61.0,214.3964426
32.0,117.0207161
29.0,107.4545729
92.0,330.0147603
82.0,292.2098585
24.0,84.23363563
45.0,160.4351038
81.0,292.5465306
90.0,322.2334226
62.0,218.2020915
43.0,154.2261706
68.0,240.226864
20.0,66.76720286
45.0,159.7073365
60.0,210.9051685
17.0,56.48493055
22.0,76.96167134
24.0,90.33315235
56.0,201.0215385
36.0,136.9397266
15.0,55.26128448
44.0,153.1171757
26.0,91.75121422
100.0,354.5724021
21.0,72.73897901
62.0,222.122981
41.0,148.4917921
85.0,304.9706255
88.0,318.149536
25.0,83.57435437
14.0,49.97649711
100.0,355.5244546
42.0,146.9372915
54.0,197.6658547
23.0,82.3199865
44.0,160.0522949
46.0,170.7813251
69.0,243.0910198
55.0,197.7353291
40.0,147.5935729
40.0,143.1728885
48.0,166.6182043
70.0,248.668284
99.0,355.5253057
72.0,249.4279628
49.0,176.8355255
74.0,264.5447223
17.0,61.65362493
88.0,313.2604593
61.0,215.7972985
13.0,44.84905295
45.0,156.5741622
50.0,179.7250572
33.0,120.6552943
12.0,33.50980953
35.0,123.5529594
60.0,212.6020547
29.0,102.7747905
93.0,333.8742928
58.0,208.8963401
52.0,186.342862
26.0,90.05422241
68.0,247.3166842
70.0,251.1300326
74.0,265.6949003
28.0,101.2398192
97.0,349.2786694
61.0,210.8050442
25.0,89.25059861
73.0,262.6417301
29.0,102.5334308
67.0,237.559992
89.0,319.4471722
31.0,109.7745496
55.0,194.9974458
97.0,349.6290275
96.0,343.7161569
21.0,73.72119644
75.0,264.9503875
28.0,100.2251531
47.0,167.7246684
95.0,339.8717323
13.0,48.23208285
28.0,98.90352508
99.0,351.8073281
64.0,227.315652
70.0,253.9387745
31.0,109.5537687
70.0,252.0882419
96.0,343.0460478
100.0,350.8437408
75.0,268.8629865
98.0,345.5559312
71.0,251.1436688
25.0,87.9565535
30.0,106.4830485
17.0,61.87297616
83.0,293.8381677
20.0,74.53185747
89.0,316.5823616
16.0,54.74192597
20.0,68.63989903
13.0,48.8572496
83.0,292.0895775
47.0,169.5980174
68.0,241.2374276
38.0,137.8130938
77.0,270.4881539
64.0,226.7540305
94.0,334.7867143
34.0,119.2920553
50.0,178.3745522
97.0,340.8415755
65.0,226.1451265
66.0,232.6222384
93.0,331.0288348
55.0,202.3547575
63.0,226.0192733
62.0,219.8899849
51.0,180.7565911
20.0,75.22126744
79.0,277.4437268
83.0,294.4679527
84.0,297.0710659
41.0,145.2317251
78.0,275.0988049
73.0,259.8590832
62.0,220.8539255
97.0,342.7315272
97.0,347.6784806
24.0,90.49426422
43.0,154.6999619
17.0,60.62366983
39.0,144.8229801
35.0,125.9820861
63.0,222.9887428
70.0,247.4390273
18.0,66.16931358
66.0,235.4197611
73.0,260.7418065
75.0,267.7448033
78.0,274.0939965
57.0,203.5732333
69.0,246.2403062
54.0,194.5312641
51.0,180.6283071
90.0,319.6358643
58.0,203.6774283
78.0,277.2413366
42.0,150.9429499
91.0,324.8525007
53.0,187.1575553
65.0,231.2809731
61.0,217.4423705
46.0,168.7156804
53.0,185.5270333
65.0,232.5550232
28.0,97.30120741
26.0,95.06003466
89.0,314.8741782
86.0,303.3890111
27.0,92.40045362
70.0,249.5859488
52.0,188.8523237
58.0,207.138848
10.0,32.23703002
22.0,80.24244109
33.0,117.4527316
55.0,193.3989459
59.0,213.9125352
63.0,226.1960569
59.0,206.9934179
54.0,188.9448767
31.0,105.850716
42.0,151.0677477
41.0,147.427697
10.0,37.33877488
81.0,284.7101658
56.0,202.3921238
91.0,324.7810603
75.0,258.3127255
16.0,55.67769137
50.0,181.4839824
17.0,53.74971174
53.0,185.4875495
45.0,166.6248154
74.0,259.9159326
92.0,333.0185055
64.0,221.5444894
18.0,61.84675049
11.0,42.1961076
42.0,147.8598054
82.0,287.8613141
24.0,90.57296989
28.0,97.13687326
31.0,107.2140847
83.0,295.7818291
100.0,355.8934821
42.0,150.5288403
59.0,208.1119326
31.0,109.541122
87.0,308.2334271
32.0,115.3396212
80.0,287.8993425
53.0,191.3995094
81.0,282.7692806
20.0,76.28530204
74.0,260.0143108
15.0,54.9276914
15.0,51.85463333
82.0,287.7861637
37.0,129.6371619
55.0,195.9514284
22.0,76.39933461
78.0,280.4982549
14.0,54.05961472
13.0,49.43055198
83.0,296.6386935
29.0,105.8301332
33.0,119.5591274
91.0,319.9299447
48.0,173.8700185
74.0,265.5225104
47.0,166.7506926
65.0,231.6574682
43.0,152.0813142
68.0,238.7782899
54.0,190.214326
33.0,112.8110661
89.0,319.5034464
77.0,275.6752779
20.0,74.80941764
55.0,202.9779971
35.0,121.2157974
30.0,107.7561749
46.0,171.1083392
19.0,71.68777576
73.0,259.254776
41.0,144.3539082
18.0,64.16784653
41.0,145.4082544
94.0,332.9227403
60.0,215.8550141
15.0,54.25437178
83.0,294.980643
24.0,83.22987557
49.0,176.9483511
48.0,172.7051377
96.0,344.5442238
83.0,297.3589613
62.0,219.2352407
43.0,151.4086258
30.0,108.4419045
48.0,170.1684126
36.0,124.1659072
25.0,92.30243141
35.0,130.4787495
12.0,46.28755521
65.0,234.1814534
54.0,192.5204901
66.0,237.6357535
25.0,85.23426236
45.0,160.0859022
89.0,312.5500486
36.0,128.5800848
33.0,115.0849847
45.0,158.8647624
68.0,244.8659231
63.0,228.6476926
35.0,124.0794271
84.0,298.9033009
96.0,338.015537
45.0,159.7279843
60.0,209.9028365
52.0,182.230109
73.0,262.4962475
15.0,53.43080271
69.0,245.8102151
99.0,355.1480811
16.0,57.62937919
65.0,233.5142029
79.0,280.6104663
44.0,155.3676653
42.0,148.7902583
22.0,80.96231466
42.0,155.1794634
62.0,219.5485134
23.0,83.03620465
89.0,318.7117311
67.0,236.0287822
94.0,334.0609261
50.0,176.586201
96.0,343.3204752
86.0,306.0828436
66.0,236.001644
60.0,217.2293131
59.0,207.1893113
63.0,221.2850004
61.0,216.0157622
54.0,198.5214102
80.0,279.1802705
51.0,179.9306044
56.0,203.4231182
100.0,355.9499829
47.0,169.7149304
55.0,193.0003865
20.0,72.20876316
89.0,315.4790544
30.0,102.5736407
54.0,187.4913834
66.0,236.7567928
55.0,191.2725417
78.0,271.1260094
53.0,190.4596035
96.0,344.9342002
44.0,153.0552548
65.0,232.3273365
41.0,139.6303564
68.0,239.7887643
67.0,238.8459113
87.0,306.9499787
69.0,245.0944279
64.0,231.2683509
61.0,218.3675799
97.0,344.687169
89.0,314.5549903
46.0,169.4035697
25.0,87.35248595
80.0,286.0300404
31.0,109.0749985
74.0,264.2402183
76.0,269.4416982
70.0,245.7659287
48.0,169.1387631
30.0,104.1918592
25.0,90.33184491
73.0,262.8823829
50.0,176.445489
43.0,150.8313558
73.0,258.1435466
84.0,299.7485752
28.0,101.3861216
43.0,159.5372458
74.0,263.9106303
65.0,240.2716802
37.0,129.8158556
43.0,153.1050313
65.0,228.8209795
10.0,39.15997494
58.0,210.3024538
87.0,307.9358339
84.0,301.138568
42.0,147.9228529
64.0,227.245536
69.0,244.2201654
38.0,136.5902837
62.0,220.3647427
35.0,127.0595564
38.0,134.7800375
29.0,103.8727026
61.0,217.368027
77.0,276.1736609
74.0,271.2348159
74.0,262.5577619
94.0,336.1558034
55.0,195.8963478
92.0,329.5311298
47.0,171.7323311
36.0,128.7500819
25.0,90.19350726
80.0,283.0834947
40.0,142.8491442
66.0,236.6491764
23.0,80.9603373
82.0,295.518075
82.0,286.6589042
18.0,66.72337848
53.0,190.4565967
93.0,331.0361116
14.0,49.39806523
22.0,74.81459598
12.0,43.64177876
60.0,209.3217765
69.0,244.6548065
75.0,269.0378784
17.0,62.50050231
45.0,153.9473267
22.0,79.27951356
42.0,154.549281
68.0,239.7627292
74.0,266.757198
65.0,234.1596648
75.0,266.5079866
24.0,86.58322079
48.0,168.7785465
18.0,64.20709331
52.0,184.0322232
95.0,335.5569132
80.0,281.6446174
72.0,253.9660258
27.0,90.43207739
67.0,239.8007363
17.0,58.79957954
35.0,125.1620963
15.0,53.99688051
40.0,141.6279548
40.0,140.9935076
28.0,100.4237046
23.0,80.63484412
66.0,237.9509754
35.0,118.1016505
67.0,237.7424954
68.0,241.230924
89.0,314.8906177
85.0,301.5561908
98.0,342.5758538
67.0,237.9890855
75.0,269.9365727
95.0,341.4376388
97.0,348.2155671
34.0,121.0460117
28.0,98.36075406
51.0,178.5207935
41.0,143.1223978
59.0,212.3489244
12.0,43.05887154
98.0,349.2089862
93.0,334.5425852
43.0,156.982317
24.0,87.56752443
38.0,137.7317373
95.0,342.1968478
50.0,173.8536921
28.0,105.1633119
13.0,44.87053361
80.0,283.975969
21.0,69.01476779
30.0,106.6131284
53.0,192.110626
85.0,301.0045726
11.0,41.02131018
38.0,131.0365629
24.0,89.24537133
72.0,257.3921996
63.0,223.8704545
59.0,207.7180998
13.0,44.17945113
95.0,339.3760653
90.0,321.7198206
55.0,193.559832
91.0,326.0744717
95.0,339.9021026
36.0,130.2854424
21.0,73.42838169
83.0,286.0981654
55.0,197.7085755
55.0,193.101443
99.0,355.9147304
21.0,71.91044065
43.0,155.8180547
54.0,187.656447
74.0,266.9377139
53.0,189.6099951
19.0,69.34213329
35.0,128.073436
40.0,139.680993
11.0,33.98000011
29.0,100.2865105
63.0,221.5396409
38.0,136.7709591
68.0,241.5453801
87.0,307.3440522
70.0,251.2414921
94.0,329.0149287
58.0,208.7403273
90.0,316.8166518
44.0,154.4962302
58.0,203.4127627
80.0,278.3891207
38.0,135.2165181
68.0,238.599751
40.0,140.5312455
22.0,79.15234748
77.0,269.618393
60.0,210.2429543
89.0,322.5219911
56.0,199.5566597
46.0,161.8992231
41.0,144.5657092
69.0,244.3754776
36.0,130.5551089
38.0,134.9158375
22.0,75.26994095
13.0,46.75765774
32.0,109.9416385
83.0,289.1890889
15.0,49.06284815
26.0,95.14128996
68.0,237.6481109
99.0,354.7366744
74.0,263.548753
40.0,138.1138112
48.0,174.4335283
24.0,84.80007397
21.0,73.54132977
93.0,330.5522981
50.0,178.1287616
30.0,106.4715349
18.0,60.98689674
61.0,214.2909215
57.0,205.3616835
89.0,320.4051437
97.0,347.7660195
98.0,350.5680637
52.0,184.1597004
50.0,177.7978825
87.0,305.6362173
96.0,336.436557
83.0,293.065592
29.0,101.255978
74.0,261.9314465
75.0,268.7675389
72.0,260.1696705
13.0,49.09088568
42.0,148.9565486
12.0,44.33881055
71.0,250.3608641
89.0,313.914923
40.0,138.0239566
88.0,311.6825535
47.0,164.7158591
86.0,303.3188357
10.0,36.57490709
60.0,216.626332
69.0,249.0581027
88.0,312.5595409
88.0,313.0012579
70.0,249.6839655
54.0,196.8309025
13.0,49.08014383
68.0,240.1918751
100.0,351.0759614
99.0,352.6886614
36.0,126.6813489
91.0,323.9925226
76.0,274.1270839
62.0,217.5702553
10.0,38.76776157
15.0,54.25755446
86.0,301.588153
74.0,260.4652558
56.0,195.7680131
58.0,202.8761601
64.0,229.3025507
15.0,56.72556568
15.0,50.35337311
45.0,154.8236528
80.0,286.1047156
35.0,124.0293839
71.0,246.8109839
80.0,284.2934679
38.0,138.1027677
32.0,114.6591031
43.0,151.7736207
98.0,341.5305096
40.0,141.5940632
85.0,302.8650743
44.0,157.3036932
20.0,72.9067845
98.0,346.2070486
77.0,271.3634202
77.0,280.5497002
90.0,325.7829853
38.0,131.7340053
61.0,214.0505181
100.0,351.8656104
66.0,235.1678552
79.0,276.5465088
85.0,297.8406918
31.0,111.3940251
58.0,208.923077
21.0,70.43434129
91.0,329.7585643
27.0,95.82210034
30.0,104.4081903
79.0,279.0002133
80.0,285.7209185
39.0,135.1027922
36.0,134.9564752
51.0,183.5747596
23.0,82.44643572
32.0,115.6143077
30.0,104.0397523
62.0,222.8035563
81.0,289.653414
56.0,197.9449499
92.0,325.2583679
13.0,44.47479316
84.0,300.4119733
85.0,303.1471178
75.0,268.4892435
41.0,145.4168513
71.0,256.2236007
28.0,97.55871052
46.0,162.0752637
34.0,121.0297707
27.0,91.73914461
30.0,102.6531694
95.0,343.089786
34.0,122.689542
20.0,72.1769941
86.0,306.4351806
38.0,134.7922876
66.0,240.2914041
25.0,85.23426956
44.0,152.1679478
61.0,223.6785915
69.0,240.0350217
76.0,273.0425221
89.0,318.0452073
11.0,36.9718167
88.0,314.6571263
27.0,100.1458568
65.0,230.5179505
48.0,168.0564913
48.0,171.0015671
46.0,166.9833119
10.0,31.40226244
66.0,235.0669849
42.0,149.8920675
71.0,247.7805991
51.0,189.4984681
81.0,287.9609379
10.0,38.051637
21.0,78.44892035
83.0,292.3664313
96.0,337.9430533
83.0,293.2635124
84.0,298.3224774
56.0,201.742012
82.0,288.5305831
45.0,158.7647386
21.0,70.77050774
45.0,156.8679569
18.0,60.2661565
42.0,144.07533
36.0,127.6646972
38.0,131.7523427
55.0,195.5614761
61.0,221.3886753
67.0,242.9308757
96.0,344.2504657
74.0,260.1040896
54.0,191.0424682
64.0,224.5155382
37.0,133.6114088
55.0,199.5215959
28.0,101.3116574
58.0,207.3106406
44.0,164.238952
74.0,262.5986449
49.0,175.9628547
17.0,57.90089101
92.0,326.6822053
45.0,159.171002
40.0,142.7437996
49.0,173.7564969
89.0,315.2344468
67.0,238.4197656
40.0,139.8707439
88.0,312.2713228
14.0,49.04490098
42.0,145.2658074
38.0,136.2445207
56.0,204.3764128
55.0,197.7312739
84.0,300.9241889
85.0,305.6120608
67.0,238.6030704
17.0,59.49515943
22.0,86.80395604
10.0,36.86056147
96.0,341.9124151
39.0,141.1120057
64.0,226.5901704
60.0,215.5833592
55.0,194.6287816
57.0,206.4798298
56.0,200.347425
45.0,158.5393851
12.0,43.42825766
20.0,71.31864882
92.0,328.4437938
22.0,71.64559408
70.0,248.0506236
58.0,210.880927
46.0,161.7826384
43.0,155.0412374
63.0,223.4236503
47.0,164.214738
65.0,229.2522388
49.0,172.960982
15.0,54.88491943
27.0,96.75122632
86.0,312.4340082
98.0,350.7275252
24.0,83.75148225
13.0,46.90197979
16.0,52.4151192
23.0,84.12020878
43.0,152.6018822
71.0,252.8537271
18.0,62.49807961
95.0,345.0030328
74.0,260.1810487
85.0,300.0486748
27.0,99.479876
24.0,83.77156783
64.0,220.304746
40.0,142.6127026
63.0,222.9096238
36.0,130.9960832
24.0,85.81164773
80.0,281.5414585
39.0,135.3643958
14.0,52.3609775
75.0,269.5336088
37.0,130.2172702
38.0,130.3708814
12.0,45.07483438
80.0,286.7701102
91.0,322.3014359
27.0,98.6526218
75.0,266.3690338
41.0,148.2586363
20.0,69.69781948
11.0,37.70652904
67.0,239.1708881
82.0,291.314666
46.0,162.9001448
67.0,235.9387612
21.0,72.91644672
48.0,170.4486331
36.0,133.2701918
95.0,333.9225156
73.0,265.8966362
64.0,231.7348707
25.0,89.81015562
42.0,144.0515004
47.0,166.1240988
81.0,284.7887164
37.0,128.5775395
43.0,153.0649097
64.0,222.3419275
50.0,172.7968154
85.0,305.3832807
37.0,133.9665006
87.0,310.0064665
94.0,336.8884053
88.0,313.0482667
10.0,33.59144825
24.0,87.8650301
38.0,134.5871144
99.0,348.837593
33.0,118.8740489
57.0,208.1833927
72.0,256.1705613
29.0,103.8744139
40.0,147.4245875
17.0,59.24360112
96.0,345.054354
46.0,167.4756663
57.0,205.6516972
36.0,126.1776343
42.0,150.8827395
90.0,322.8363326
18.0,62.38868798
51.0,179.782486
28.0,94.77142622
44.0,152.2200272
18.0,61.92842166
38.0,133.2952269
65.0,230.4452322
33.0,113.6807083
74.0,260.9790138
21.0,75.36215456
74.0,262.0124404
40.0,143.3820862
94.0,336.6023006
75.0,261.289447
61.0,215.3913543
92.0,329.0311993
99.0,352.8999567
68.0,237.886004
42.0,145.7346993
63.0,223.6950619
75.0,268.791677
15.0,50.73559898
49.0,170.0457399
66.0,232.6205345
31.0,111.8268837
56.0,202.9861934
54.0,194.1291713
60.0,214.1917541
35.0,122.8236586
50.0,177.1283951
37.0,131.29209
39.0,136.8019191
28.0,102.3886217
87.0,306.9884652
61.0,218.092673
40.0,140.1615469
79.0,285.4800485
11.0,41.39651524
80.0,283.416972
11.0,34.93300225
94.0,330.640837
84.0,295.4963766
21.0,72.07541671
16.0,57.40985369
71.0,253.4622592
27.0,88.80402133
59.0,207.3302796
22.0,79.69777425
65.0,232.2761831
28.0,99.48425179
49.0,174.200192
61.0,220.1068272
72.0,256.0372024
27.0,100.2771075
50.0,176.9281077
79.0,279.6918286
57.0,200.1080526
49.0,171.3306322
20.0,72.31156329
59.0,214.291665
51.0,184.8950088
65.0,234.3780869
54.0,190.0490835
30.0,102.4712089
47.0,164.6380952
73.0,257.6727806
94.0,333.7007365
10.0,34.0463585
19.0,68.63176182
79.0,279.4144408
94.0,331.4446076
65.0,228.577409
80.0,284.0248239
24.0,85.37271907
35.0,127.2212975
27.0,100.6415713
98.0,347.8305464
45.0,160.3981526
29.0,106.3468306
100.0,353.617947
99.0,352.3179119
16.0,55.40369343
51.0,181.6616002
66.0,234.3288131
41.0,147.3867563
35.0,122.9577834
99.0,349.4961687
15.0,51.78609705
99.0,353.4458885
72.0,257.1804575
15.0,48.86115001
13.0,45.23135362
61.0,222.5963753
31.0,110.5825006
58.0,209.1489884
16.0,58.13798394
54.0,195.7694205
90.0,321.266614
12.0,43.57911654
59.0,209.1876697
17.0,63.48794091
60.0,213.9107918
17.0,61.81393577
25.0,94.28890228
32.0,112.2035442
47.0,169.8875281
57.0,197.1858386
48.0,173.0984379
21.0,74.21648745
27.0,97.36011862
90.0,317.576616
23.0,84.37002181
18.0,62.00526615
12.0,42.77124819
81.0,290.5860748
60.0,210.8924638
93.0,327.771081
47.0,167.6367081
10.0,34.10189493
55.0,197.6712502
78.0,277.0929501
80.0,284.7262777
95.0,340.9498167
51.0,176.0068363
70.0,249.4106969
83.0,292.0247067
70.0,243.5008161
92.0,326.2296412
71.0,255.9716288
16.0,60.38358214
89.0,315.9003207
61.0,214.7407046
51.0,178.5935732
57.0,209.0289496
37.0,132.2091868
16.0,56.07567864
17.0,60.76229385
43.0,152.4241128
36.0,124.1332061
89.0,321.3230185
33.0,116.4897309
98.0,352.3803252
16.0,52.87884782
60.0,211.203686
40.0,140.9139961
62.0,215.7297595
26.0,95.28065047
68.0,239.4136594
85.0,306.4206717
59.0,210.121506
62.0,216.9365271
60.0,209.3268298
77.0,279.7655483
79.0,283.5943902
58.0,208.9592114
100.0,358.8975626
80.0,283.78129
15.0,57.4053155
73.0,262.8661923
84.0,301.4931202
41.0,139.9053476
96.0,343.1144234
97.0,348.1096475
59.0,209.2848034
60.0,215.4557751
49.0,175.8979831
23.0,83.19717896
76.0,266.413766
38.0,132.3142815
24.0,81.69957779
83.0,298.706397
53.0,189.9324946
33.0,114.2039293
33.0,114.0368952
93.0,331.006228
61.0,216.0364765
67.0,236.1821108
49.0,177.4436895
90.0,322.2209951
69.0,244.8532522
22.0,79.85053634
55.0,192.682492
68.0,242.9898876
77.0,275.9579113
70.0,249.0485731
28.0,98.52768262
32.0,115.6169326
83.0,295.2811812
39.0,140.2820132
94.0,337.8500686
39.0,142.9248859
48.0,169.2278032
83.0,287.2446931
98.0,347.2449302
73.0,260.1839205
47.0,164.7607918
59.0,213.9776583
43.0,150.938614
66.0,237.7629107
10.0,37.09921372
54.0,193.0901217
24.0,84.8192448
52.0,182.7487325
77.0,277.7194554
61.0,216.6811536
88.0,311.1146946
92.0,328.3491751
36.0,125.6101586
84.0,303.1964247
94.0,339.190205
91.0,319.9056448
21.0,84.62406262
70.0,256.2428753
84.0,302.0929048
24.0,79.26863682
83.0,296.8122379
13.0,44.05096813
21.0,76.5992176
100.0,353.251334
76.0,267.7402836
67.0,241.3945829
73.0,264.2218327
25.0,86.43456078
23.0,79.41889491
11.0,40.67745075
36.0,123.4259731
97.0,347.7659391
55.0,201.9961016
11.0,42.18314566
46.0,162.7823996
32.0,113.4593656
74.0,261.9747959
14.0,58.53156501
64.0,233.0154686
66.0,236.0814972
19.0,62.19423217
50.0,170.8145171
47.0,165.7856483
46.0,162.1521711
50.0,174.8039768
89.0,316.1769362
97.0,347.5891327
53.0,190.619282
45.0,160.9908055
28.0,101.4386575
53.0,186.8078147
78.0,273.6113122
93.0,334.8717431
100.0,355.3297239
10.0,34.56679012
45.0,164.3390498
65.0,231.3658464
53.0,188.1511842
43.0,154.3991126
28.0,98.73333034
70.0,247.9036965
16.0,56.43314187
80.0,284.9795608
52.0,183.9145347
81.0,284.4296988
79.0,278.7830371
96.0,348.4377445
40.0,144.8765937
69.0,243.8078034
13.0,45.40662239
14.0,46.48788091
70.0,247.9725884
67.0,237.759577
30.0,104.4446664
56.0,196.4379226
50.0,173.2842591
45.0,157.8814771
96.0,339.2103946
82.0,295.9333467
19.0,61.63307421
33.0,121.0863531
76.0,266.3278715
67.0,236.3068542
11.0,40.14105417
55.0,188.667483
89.0,311.4335461
66.0,232.9948515
22.0,80.97345703
88.0,308.0598456
63.0,222.395167
89.0,316.3148646
98.0,351.0535774
47.0,173.5896069
43.0,152.0483513
61.0,218.9860804
51.0,175.9890313
93.0,333.932421
37.0,130.7588912
21.0,73.39580202
42.0,143.856228
88.0,314.8295426
59.0,209.3645304
35.0,121.8138666
72.0,257.1158759
47.0,166.0603064
80.0,282.61784
26.0,93.01538817
51.0,189.9203029
90.0,323.1347398
78.0,278.7620332
70.0,247.5921365
77.0,273.467668
85.0,299.831784
50.0,177.3238903
11.0,38.69555595
73.0,257.6681116
26.0,90.67791735
72.0,250.6669444
66.0,236.0313106
70.0,249.9984974
79.0,277.361873
76.0,270.3551046
21.0,73.83086992
49.0,174.5142338
90.0,321.7478782
15.0,54.81334067
27.0,95.49114899
24.0,83.99009901
28.0,103.1628319
75.0,265.7948897
58.0,204.4063412
18.0,59.7933953
25.0,91.03215459
43.0,156.493122
41.0,150.2588494
61.0,220.165067
11.0,41.63749948
46.0,160.4675811
42.0,148.9220025
77.0,271.5474018
78.0,281.9068631
32.0,113.3989396
75.0,267.235998
22.0,80.50988544
79.0,283.1115459
49.0,176.1282464
66.0,236.1719099
47.0,167.9770283
96.0,345.7806832
42.0,147.5554217
33.0,119.0233823
40.0,139.9381321
69.0,246.7614496
50.0,176.9729111
17.0,63.35830561
39.0,138.7518293
34.0,123.0024932
23.0,82.14573955
68.0,243.5681539
68.0,242.827857
49.0,171.1891551
30.0,105.2992687
29.0,104.9023676
43.0,151.1494622
92.0,332.1394819
87.0,306.4455341
74.0,257.8633264
83.0,296.5404942
18.0,66.70886844
40.0,141.6144208
47.0,163.3526701
100.0,353.1287078
22.0,82.87350391
22.0,78.1091351
97.0,347.1460055
59.0,210.6886426
34.0,118.717563
78.0,276.0140254
44.0,155.787445
20.0,66.20189021
22.0,81.24394386
56.0,196.5945084
81.0,282.4714683
34.0,119.9675456
25.0,90.93193458
95.0,338.1495517
57.0,202.3643006
99.0,349.063226
78.0,279.2291959
42.0,147.7748273
16.0,56.11037488
77.0,274.5720105
24.0,84.23062597
28.0,95.39293351
34.0,118.1257389
10.0,33.77579231
84.0,303.3009791
25.0,90.8262619
71.0,255.8479365
13.0,46.00775135
26.0,91.22124236
96.0,339.6879601
16.0,56.18992373
59.0,214.2691154
37.0,136.2090591
12.0,41.7006822
86.0,307.8322326
68.0,245.2377744
89.0,317.0033014
16.0,56.76894157
52.0,184.4052178
21.0,75.12890956
80.0,283.8539032
93.0,330.7683247
36.0,130.1052305
96.0,343.006536
73.0,262.2812906
80.0,284.9354724
68.0,241.3253526
87.0,307.3900957
66.0,236.1587125
64.0,225.0827009
94.0,336.004897
84.0,301.566465
61.0,217.3399513
69.0,246.4092004
94.0,336.9047215
42.0,149.3342017
32.0,112.929838
18.0,64.91713396
96.0,343.302666
89.0,311.5458763
53.0,186.6132475
62.0,223.6224376
85.0,304.5559203
100.0,355.4113311
28.0,101.2131872
50.0,176.294088
26.0,96.7886356
40.0,137.1191055
22.0,78.82271742
39.0,139.5289455
97.0,345.4002424
15.0,57.6272184
42.0,146.4444888
60.0,213.232032
39.0,134.5819911
59.0,213.5462203
13.0,44.24211889
85.0,301.2905938
93.0,330.1523834
39.0,133.8829994
24.0,78.67476945
40.0,141.1148856
94.0,335.5279533
29.0,105.2733
75.0,267.1082037
85.0,297.1210103
51.0,181.3659079
37.0,136.5731341
18.0,64.96739545
13.0,44.56330667
90.0,316.0227054
38.0,136.9299956
89.0,313.8384574
26.0,90.85086418
92.0,328.2091588
60.0,213.8418717
67.0,242.9322355
91.0,324.2025999
15.0,52.82900074
82.0,293.5809716
51.0,182.02879
53.0,188.7849519
47.0,162.3156135
34.0,120.4480819
70.0,251.8373844
85.0,302.918988
53.0,193.0239206
57.0,205.320967
93.0,328.6740039
52.0,188.0374706
92.0,329.5506473
25.0,85.80145956
83.0,298.1843017
12.0,42.18848212
58.0,205.8501613
84.0,303.9417894
49.0,174.947983
17.0,57.35429218
58.0,207.6955665
46.0,162.9168273
49.0,178.6016611
86.0,297.4179838
82.0,292.8000064
46.0,164.1198541
43.0,153.6034143
45.0,159.6395752
39.0,136.2617
46.0,162.761069
19.0,66.92974218
61.0,219.2762729
87.0,309.1159827
93.0,328.5450716
100.0,352.0316527
79.0,282.0068578
60.0,215.8630212
84.0,294.8365076
58.0,208.2141876
58.0,201.1306345
77.0,272.1369614
22.0,75.44740193
95.0,340.1787683
55.0,193.8410802
40.0,146.0624753
28.0,105.1757641
50.0,176.198368
30.0,104.0141267
22.0,78.51737028
60.0,213.0470224
77.0,274.1111902
12.0,43.62627014
30.0,102.9688972
79.0,283.23928
15.0,57.13208846
94.0,341.0961459
46.0,166.8532012
34.0,123.6854906
74.0,266.4905429
92.0,324.1613788
30.0,106.0646022
88.0,318.4175882
91.0,327.3869317
83.0,295.1684318
34.0,123.5891212
41.0,146.0814648
15.0,58.27357746
78.0,277.7072998
63.0,221.8098717
75.0,261.807769
48.0,171.7390914
94.0,336.7465414
39.0,141.0870842
13.0,49.11766
42.0,145.797656
71.0,250.9404408
36.0,129.8253781
64.0,230.4018509
99.0,357.1050913
95.0,342.7787915
17.0,64.98105749
20.0,67.66681205
80.0,288.1780625
46.0,164.3320454
75.0,265.2327334
15.0,61.44385143
63.0,220.228013
20.0,74.82778835
68.0,242.1359205
74.0,263.346636
11.0,36.30549977
35.0,122.1256688
52.0,189.9818855
25.0,87.25168606
74.0,265.2197984
11.0,38.21640173
99.0,347.7546808
11.0,39.99208709
34.0,122.8157616
48.0,162.161589
82.0,291.2396759
59.0,210.5865244
23.0,85.89262454
14.0,50.64875812
62.0,222.741668
80.0,281.7446462
87.0,309.6609171
16.0,56.32163683
16.0,56.01689561
96.0,340.1496419
85.0,309.6662556
11.0,41.40970369
64.0,233.6303792
59.0,214.2389135
94.0,339.5852883
62.0,217.5085094
53.0,186.2793658
19.0,62.91034074
91.0,325.2819772
40.0,143.452238
71.0,251.221702
28.0,100.5776591
55.0,194.3988008
32.0,111.9802845
77.0,275.529781
48.0,166.731075
56.0,197.083995
81.0,289.0364803
40.0,139.4419626
59.0,207.092493
23.0,81.68934891
16.0,56.59269981
40.0,142.494861
27.0,94.04105463
21.0,73.19279004
41.0,148.1141293
63.0,224.5075055
21.0,74.89973598
52.0,184.4647943
18.0,66.34938699
81.0,291.3133157
14.0,52.75285707
73.0,262.5881897
34.0,116.3272967
96.0,338.7906266
75.0,264.6358734
70.0,256.9743305
77.0,273.2842738
74.0,263.041024
31.0,111.3156568
12.0,41.56341532
32.0,116.7699884
78.0,276.098803
86.0,310.1584229
86.0,304.4284853
68.0,242.5219394
29.0,99.42372101
41.0,146.5620884
83.0,292.5631693
28.0,97.2436394
32.0,109.9278558
29.0,106.074547
77.0,273.6721056
85.0,303.6603243
35.0,121.5288553
40.0,140.5282084
52.0,183.0164095
89.0,321.0786795
24.0,85.23791476
67.0,240.3518467
100.0,352.6576951
83.0,296.7051267
28.0,100.3285109
94.0,337.3979752
17.0,64.24894393
19.0,66.21969665
89.0,314.8862603
91.0,321.2657372
37.0,131.0178115
84.0,306.2431009
22.0,83.04290787
71.0,252.1202089
77.0,273.4160805
76.0,266.9421863
19.0,63.00613477
89.0,316.5734832
100.0,354.8695459
13.0,48.98112405
25.0,85.90434625
91.0,322.3739491
34.0,119.6004173
96.0,348.7751239
45.0,159.3737372
63.0,227.5973666
74.0,264.5922333
42.0,150.4620168
45.0,158.0694068
31.0,107.0381741
86.0,306.8107139
41.0,141.8290708
55.0,195.102176
29.0,101.2901608
87.0,303.6989831
26.0,92.76007296
30.0,104.5909045
29.0,105.6008625
85.0,302.0600166
100.0,364.0797515
89.0,316.0502046
15.0,55.15072263
22.0,77.8388226
75.0,264.4852505
30.0,102.3314103
55.0,198.6552704
29.0,101.1857743
78.0,279.6650891
82.0,293.1490901
63.0,216.9048322
51.0,182.5799489
58.0,203.1655666
91.0,324.0477099
81.0,293.3033144
48.0,171.3033756
99.0,352.1588725
43.0,151.6631466
77.0,277.621554
69.0,245.189391
19.0,66.42901384
63.0,220.7649727
11.0,37.0296693
28.0,104.1980208
49.0,173.1519293
52.0,187.8666179
70.0,249.1967587
17.0,56.37026828
92.0,325.0568639
79.0,283.290895
34.0,119.1052967
34.0,121.9825001
10.0,36.80730812
14.0,46.11470398
88.0,312.1070301
78.0,272.6232823
16.0,59.22385929
17.0,60.50612149
61.0,224.4149321
47.0,170.9935242
99.0,352.9301142
14.0,51.7856327
31.0,106.8833364
67.0,235.5765291
72.0,253.5747934
44.0,159.2362483
39.0,135.2616442
95.0,339.2934452
35.0,121.2424073
39.0,143.1275374
16.0,52.997255
69.0,246.282833
65.0,232.2711591
52.0,178.1914678
30.0,113.1893779
55.0,189.9670241
36.0,130.9893463
55.0,200.2692334
35.0,127.3799299
56.0,204.2249674
80.0,289.1924947
87.0,309.5367451
49.0,173.6238541
56.0,199.4999307
54.0,194.573563
11.0,38.78418237
99.0,351.230812
34.0,120.1173914
63.0,221.9271739
52.0,183.0676027
47.0,163.2057608
58.0,202.429526
44.0,157.8822087
86.0,306.0907006
84.0,301.6709578
72.0,261.6201883
43.0,158.0087504
83.0,294.6388081
15.0,56.67415544
27.0,90.57569612
75.0,266.4656814
36.0,126.6357645
28.0,100.7472494
62.0,217.3646467
69.0,246.8968109
58.0,206.0515677
28.0,93.29172911
72.0,251.6252646
84.0,302.4055182
48.0,170.110494
32.0,111.8023392
80.0,282.5999619
63.0,223.2497053
73.0,260.2383199
13.0,50.53356281
53.0,182.5937556
72.0,256.6607986
61.0,219.8772941
44.0,151.9241404
13.0,49.36911574
82.0,288.9781412
19.0,62.61418444
93.0,325.6589776
19.0,66.38181953
74.0,265.8386484
43.0,152.4930713
60.0,213.2245182
73.0,263.7014999
96.0,346.7185902
84.0,300.5450207
46.0,161.9678005
93.0,329.7224837
12.0,41.63049839
64.0,230.2508027
62.0,220.9820938
49.0,174.1790953
78.0,276.2490618
60.0,212.4874444
43.0,154.5326132
93.0,327.379636
33.0,113.5987015
48.0,167.3434364
39.0,140.5407032
72.0,260.2958494
34.0,122.2838853
100.0,354.6804507
34.0,120.0674748
27.0,96.82128425
12.0,45.2526926
27.0,98.98876975
74.0,263.8948274
33.0,120.632259
21.0,77.69255229
24.0,85.86261155
100.0,350.0870783
55.0,196.7187138
56.0,203.5678739
96.0,339.2135318
37.0,135.3779233
94.0,333.8372401
20.0,75.77689023
43.0,148.215554
19.0,69.73251798
60.0,207.624182
100.0,356.2827305
51.0,178.4739206
87.0,311.743669
51.0,177.9334705
60.0,210.4689581
13.0,44.49793566
21.0,75.8834525
44.0,152.5415413
23.0,79.2014725
92.0,328.8750721
10.0,33.92908406
71.0,252.5180642
96.0,345.1959501
59.0,211.6367238
35.0,120.6389931
40.0,145.2979431
58.0,203.4137119
89.0,316.2697588
58.0,202.2348536
58.0,206.2850969
36.0,133.5881736
92.0,330.1552117
78.0,277.3375508
45.0,156.8844243
37.0,132.4088364
43.0,153.5352547
27.0,98.45440862
57.0,200.8056007
60.0,213.3809614
12.0,39.99255416
40.0,139.1449259
26.0,96.53121865
82.0,291.5973834
55.0,195.6561161
57.0,205.6702954
78.0,278.8648112
54.0,191.380219
66.0,232.314771
55.0,196.1839752
17.0,63.86148151
10.0,36.35531999
79.0,281.9516109
77.0,283.2511074
23.0,84.59617419
86.0,300.7171818
82.0,288.6613241
50.0,181.0543356
50.0,172.9829063
74.0,261.8497595
52.0,187.7740441
92.0,328.2393781
33.0,114.2879723
42.0,148.8945677
36.0,127.5466597
34.0,118.8855532
35.0,130.552388
75.0,267.0443358
44.0,155.9413351
92.0,330.6437143
20.0,72.99721493
55.0,195.4231006
15.0,54.63471073
68.0,240.3937428
44.0,150.1901212
69.0,242.2535054
72.0,252.7059463
56.0,201.6903809
61.0,223.4387605
42.0,147.4752162
22.0,79.33707888
57.0,204.0461368
13.0,44.85165197
11.0,37.74595149
34.0,119.7507053
60.0,215.9530217
17.0,61.35564753
27.0,93.61885458
51.0,180.7850909
53.0,189.5649218
26.0,88.00755256
48.0,174.8805455
97.0,347.9625409
17.0,58.93771666
45.0,159.4196877
33.0,116.3442123
87.0,310.222468
82.0,294.9045217
63.0,222.1350124
51.0,182.8887706
33.0,114.1544096
56.0,197.3528053
68.0,242.036584
26.0,92.1327262
59.0,210.7318961
71.0,254.9614999
83.0,297.6267313
47.0,169.2336892
46.0,167.4078395
99.0,357.5177712
83.0,292.5457334
21.0,77.38948106
34.0,118.3424007
79.0,279.9347651
37.0,131.0154512
50.0,179.1407715
48.0,173.3467031
92.0,327.7550615
66.0,229.2947351
19.0,71.39785046
47.0,167.969747
16.0,52.85138346
87.0,303.0409934
21.0,72.11552438
67.0,234.5960181
66.0,241.7866341
13.0,46.84120407
39.0,140.3898571
79.0,282.9717437
64.0,224.426733
98.0,348.5304411
78.0,272.0791246
87.0,307.9893433
29.0,106.8076207
81.0,289.2494128
85.0,297.8056278
82.0,295.0049381
40.0,147.0288967
42.0,151.7553952
32.0,115.089794
23.0,86.21102774
97.0,345.8470022
51.0,184.0478213
44.0,159.798753
31.0,112.7721079
42.0,147.2296322
35.0,129.5969547
68.0,236.339815
85.0,299.4151065
15.0,49.60035259
97.0,342.2541364
46.0,164.5996041
12.0,46.54240929
44.0,156.5260994
13.0,49.21733538
25.0,89.94940175
54.0,193.0599147
33.0,113.5914336
21.0,72.2164468
32.0,111.1952799
63.0,230.1453002
43.0,154.2254148
30.0,102.2442104
59.0,211.2301828
45.0,165.6313591
43.0,153.5565567
65.0,226.9380765
34.0,123.3034472
26.0,94.67529265
94.0,335.9806629
19.0,68.7327865
31.0,112.7196391
29.0,104.502706
15.0,54.33401088
69.0,245.5180273
33.0,122.2048994
50.0,179.192714
98.0,350.2026445
44.0,153.8725969
73.0,260.0628572
98.0,345.5940721
32.0,113.6728427
25.0,88.57345956
45.0,157.508248
92.0,326.9481964
86.0,305.516268
44.0,159.3518594
65.0,229.7239327
35.0,123.9146763
91.0,319.3790102
90.0,320.2239615
13.0,49.15396788
60.0,212.4125063
84.0,301.0446617
14.0,43.29659298
22.0,76.22402052
88.0,312.2336385
90.0,322.5673315
57.0,201.139224
21.0,70.07728116
31.0,109.1824297
35.0,126.6539569
20.0,72.85903042
13.0,46.2468557
35.0,121.3174042
64.0,227.8855712
60.0,219.7053032
29.0,101.1209009
62.0,223.269712
89.0,322.3245283
90.0,322.591039
99.0,352.4450349
100.0,350.2514353
53.0,187.4514522
35.0,121.7893093
68.0,243.2864343
72.0,256.7731583
47.0,167.5101119
12.0,47.47793366
18.0,59.11681259
11.0,33.69268793
48.0,172.7311883
92.0,330.0532934
74.0,261.9668123
89.0,315.2058902
33.0,117.1749685
98.0,349.0851437
96.0,341.7670022
79.0,281.2714753
10.0,31.19940869
21.0,65.5342542
50.0,177.9553686
71.0,252.2763168
75.0,269.5301133
78.0,274.5504178
22.0,76.21534065
88.0,309.2933349
88.0,311.7737736
61.0,216.9079196
47.0,172.097695
72.0,259.695649
95.0,337.7959528
38.0,138.6744703
66.0,236.3223315
12.0,36.83150956
47.0,166.7833803
38.0,138.0010516
60.0,219.9291633
72.0,254.800892
69.0,242.7292333
92.0,328.3261337
85.0,306.3800054
62.0,215.1240314
32.0,108.5335779
57.0,202.8825806
37.0,134.6971202
100.0,359.0388426
30.0,102.350794
25.0,91.87763522
26.0,96.04950486
73.0,264.1399011
25.0,91.08533492
95.0,336.4166364
20.0,71.9003296
29.0,107.6954038
66.0,237.5702299
69.0,243.8144022
43.0,154.4853773
63.0,227.5510354
42.0,149.1916962
40.0,144.2954967
32.0,112.2756132
40.0,144.4035676
90.0,325.0674667
47.0,162.5063727
58.0,210.0603464
31.0,113.4496403
16.0,53.80315203
18.0,64.05534799
86.0,311.6702409
31.0,112.4151112
26.0,94.18913988
39.0,138.1380326
27.0,95.10306677
47.0,164.122387
83.0,299.3380264
98.0,347.1633989
61.0,222.6967685
86.0,306.8075983
95.0,334.560397
30.0,106.3487777
77.0,267.7114601
77.0,272.0442444
46.0,161.5873361
74.0,264.4598828
69.0,246.9671859
100.0,356.5332518
92.0,329.6953424
10.0,34.15884466
79.0,277.9778975
78.0,274.9018024
96.0,345.2487017
44.0,156.8632685
48.0,174.7281375
13.0,47.46271526
27.0,96.09869452
15.0,51.80370956
35.0,121.9275005
90.0,323.0028062
86.0,307.6293178
47.0,168.8951696
87.0,308.8262499
96.0,337.2644209
15.0,56.04128018
29.0,99.40704503
26.0,94.28663392
90.0,320.8831438
32.0,113.419828
43.0,151.8101792
99.0,357.1114724
100.0,358.4207386
21.0,70.99640577
84.0,304.1323083
36.0,125.54135
76.0,267.2726389
96.0,338.293953
46.0,162.3787166
87.0,307.4999275
30.0,104.4279501
88.0,320.1736388
27.0,98.78179678
33.0,116.7920584
34.0,120.067237
21.0,72.67845873
83.0,295.4563939
52.0,185.7341703
19.0,69.14162383
29.0,103.9195235
84.0,298.5811724
20.0,69.63577196
63.0,229.1419119
18.0,63.57169598
90.0,324.3931698
18.0,68.53864475
47.0,167.7398014
99.0,353.0032234
36.0,126.9402208
68.0,245.0828176
66.0,238.7796641
31.0,109.6832077
36.0,129.7243214
61.0,215.5914833
43.0,153.5383231
23.0,82.07620152
100.0,360.4000528
41.0,144.5375994
95.0,337.4651734
60.0,213.482651
43.0,156.5390038
24.0,87.31981905
97.0,345.5068264
21.0,75.1029808
28.0,103.420816
51.0,182.6411494
49.0,170.7516549
93.0,334.0413917
65.0,235.7711887
47.0,164.2736798
36.0,129.0150235
42.0,152.6021862
46.0,164.1988926
10.0,34.20517016
96.0,344.0900697
73.0,261.0790365
92.0,328.5020583
100.0,352.3043995
54.0,193.2610151
71.0,252.0522656
31.0,103.1601824
69.0,247.6436233
92.0,325.1388659
10.0,36.81113686
90.0,321.4109157
71.0,255.7971209
100.0,357.5871303
15.0,50.81086695
79.0,284.7784983
26.0,90.95073418
87.0,310.9883193
73.0,261.1560387
53.0,188.0267689
28.0,98.66788298
54.0,193.3407786
73.0,262.5100901
55.0,192.2201481
69.0,245.8037354
29.0,107.7477433
77.0,279.7063419
44.0,151.1013072
55.0,193.6095728
24.0,81.65390429
18.0,63.82023463
80.0,285.037501
40.0,142.3331263
59.0,213.4362695
80.0,283.9177917
35.0,125.5127538
21.0,75.67241818
86.0,302.1601492
95.0,335.7403031
34.0,125.8416562
22.0,76.62726351
89.0,322.9763253
83.0,296.709142
54.0,188.9638766
69.0,243.0745221
86.0,302.816704
94.0,331.4718283
13.0,49.4566405
90.0,317.4466236
11.0,41.48489864
85.0,304.7830071
37.0,129.7000617
16.0,51.93438844
86.0,310.3503959
27.0,98.34374047
35.0,124.6061627
16.0,60.3119441
98.0,348.7073438
66.0,236.4799492
34.0,118.2933637
66.0,232.2652984
48.0,169.2070647
65.0,227.3957651
54.0,192.4104277
89.0,314.483948
24.0,83.40241283
83.0,299.6631813
64.0,231.7642637
48.0,168.0750508
97.0,351.7904738
10.0,33.74191884
89.0,316.1863507
12.0,43.69948833
35.0,125.0580855
26.0,91.81486029
60.0,210.1216408
84.0,298.1240103
36.0,125.8172447
82.0,291.8371949
67.0,241.3052379
34.0,117.5767924
73.0,258.4451317
100.0,355.1093911
11.0,39.78232893
53.0,184.1005902
13.0,45.41847675
50.0,180.1869834
82.0,290.437967
43.0,157.4749203
22.0,78.92808435
42.0,145.500278
66.0,236.5744786
92.0,330.3909663
71.0,251.9798305
48.0,168.0050349
12.0,42.68958063
20.0,69.84162145
11.0,40.91116356
36.0,127.4281858
50.0,179.4987637
39.0,131.8205648
58.0,207.7139558
77.0,274.1199892
51.0,177.2435407
48.0,168.7684729
25.0,88.89038327
31.0,102.5835669
86.0,303.7166426
77.0,275.028505
79.0,279.9790285
32.0,116.1443174
19.0,63.1760749
98.0,350.3979263
35.0,128.4690345
59.0,215.7912974
80.0,288.9961214
52.0,183.6277168
20.0,71.75423315
16.0,58.15906088
97.0,350.0908826
13.0,45.03232579
41.0,144.6284015
31.0,109.4019308
38.0,138.3211236
40.0,141.588694
92.0,328.955878
85.0,304.419999
29.0,106.9499394
51.0,185.1461543
80.0,285.4256742
23.0,85.07028547
82.0,295.120769
79.0,280.469538
88.0,314.2050324
18.0,65.65345809
58.0,206.4083305
40.0,144.9588328
78.0,282.0505985
34.0,119.1270308
47.0,168.0814469
18.0,62.63569997
65.0,228.0181448
21.0,66.49664423
84.0,296.1422357
22.0,80.30333838
85.0,301.1306898
48.0,166.6313611
21.0,73.88883844
42.0,145.3078747
26.0,89.66739821
33.0,113.9643617
11.0,37.11199279
44.0,156.3562456
41.0,143.3844892
77.0,270.3489805
40.0,142.174681
35.0,123.1258504
43.0,149.1630186
79.0,276.9901608
25.0,88.14692956
46.0,162.2787476
37.0,132.621346
45.0,158.8948494
27.0,93.1858473
21.0,73.52872631
36.0,129.4954835
15.0,48.34134583
82.0,290.9593633
63.0,228.0006715
80.0,288.3128639
34.0,123.3031219
39.0,133.3903142
83.0,302.2268785
75.0,267.6007639
96.0,347.6217435
85.0,304.4568708
23.0,82.48651058
88.0,311.6614353
39.0,138.2677026
17.0,60.70006263
23.0,80.12635487
38.0,131.0122933
67.0,241.6568055
70.0,249.8114662
62.0,219.8811188
55.0,193.5565201
75.0,263.5079422
87.0,310.8153236
45.0,157.924518
86.0,304.9511132
80.0,288.3030984
36.0,130.1610471
41.0,147.3946664
89.0,316.5400344
32.0,117.1260827
95.0,344.8519006
80.0,286.0021775
56.0,196.5688926
36.0,128.3416589
92.0,331.0238396
54.0,194.0358153
16.0,57.62621438
11.0,40.16005595
58.0,209.8950004
12.0,44.26360954
27.0,95.68459403
14.0,54.68936909
63.0,220.8635879
57.0,202.3870613
31.0,112.3453068
49.0,175.9464773
32.0,112.9942153
86.0,304.5374673
17.0,63.82033234
34.0,118.9983017
69.0,246.8754116
40.0,139.0751487
80.0,284.0579455
70.0,251.403637
36.0,123.30723
21.0,73.51436294
90.0,317.3858125
18.0,69.64708343
22.0,78.03576719
72.0,258.0288425
44.0,157.0058879
89.0,318.7830508
89.0,321.2773925
60.0,213.2724719
42.0,146.9101496
82.0,289.5230097
98.0,349.5406063
87.0,310.8008998
72.0,256.1411528
57.0,200.7843525
45.0,157.6297256
15.0,53.9003205
21.0,73.14737548
99.0,351.3896605
33.0,118.7427187
28.0,95.35275739
43.0,154.0226563
13.0,46.04861925
14.0,49.6229099
63.0,225.4093744
39.0,139.1971639
21.0,74.51676782
64.0,230.6616991
57.0,207.4863233
84.0,294.202871
92.0,321.7504669
58.0,210.4584896
40.0,139.5806481
70.0,250.4826895
20.0,68.42501013
60.0,216.0789617
95.0,336.3691573
50.0,174.8740677
100.0,353.6220534
89.0,316.7094486
47.0,163.5669052
47.0,172.1412058
70.0,252.1067578
29.0,101.7461246
64.0,223.5338943
77.0,279.061514
50.0,180.4424011
21.0,77.19592466
69.0,239.5680872
65.0,233.8431002
30.0,108.1222192
46.0,165.8408051
61.0,219.3898315
72.0,248.8023789
39.0,142.3453845
97.0,347.8776156
87.0,307.416326
89.0,324.5892769
36.0,124.7621206
60.0,211.6521752
19.0,69.7213785
24.0,84.35561875
56.0,201.3638581
66.0,240.4988996
91.0,331.8671743
65.0,234.9536246
56.0,200.475809
21.0,75.92780039
52.0,188.9634803
36.0,128.4165943
79.0,285.761592
74.0,261.4717905
84.0,298.9711942
51.0,183.4840455
20.0,68.12363535
20.0,75.93383288
45.0,156.7943081
63.0,222.5016725
82.0,291.5314175
43.0,151.2688729
10.0,36.91917963
28.0,97.08322836
96.0,346.9400122
21.0,75.3411398
41.0,148.9073606
69.0,247.9551456
64.0,228.6388175
81.0,288.8354078
91.0,320.4673397
84.0,300.3318396
93.0,326.2649816
99.0,353.46916
70.0,250.2521525
90.0,318.6274849
34.0,117.6208998
26.0,91.76813254
64.0,228.6705497
97.0,350.1140371
73.0,260.2546867
54.0,188.4611145
18.0,64.50258019
38.0,137.9207634
43.0,154.8917662
38.0,132.7269458
79.0,281.5342766
63.0,224.4662398
28.0,105.7328925
33.0,116.1267135
96.0,342.4983937
47.0,169.7770916
63.0,224.1129616
82.0,291.3194908
48.0,164.7008776
82.0,291.3240319
31.0,112.4931128
18.0,65.42069676
30.0,101.293761
20.0,72.18106625
29.0,99.31009056
15.0,52.29844801
74.0,261.2171393
23.0,76.32136362
81.0,287.9321491
83.0,298.6394097
69.0,246.1376093
10.0,36.88229796
94.0,336.1680912
37.0,136.5561795
11.0,38.63419974
98.0,353.1339978
63.0,225.1611984
24.0,86.45386027
33.0,115.0606852
25.0,89.58970992
43.0,156.9593326
52.0,184.8832065
87.0,303.8782625
68.0,245.6391876
90.0,322.0002384
62.0,217.9190051
46.0,162.9699605
96.0,345.8938959
77.0,274.9318537
90.0,316.4611153
83.0,291.9624407
19.0,71.44251373
27.0,95.88047198
42.0,151.0697358
62.0,222.0800056
64.0,221.7316739
87.0,315.3186484
28.0,99.09562263
11.0,37.48139169
60.0,212.4985828
28.0,102.8151161
54.0,194.3564249
66.0,238.0688324
35.0,123.6561859
76.0,267.5219901
62.0,218.9998496
54.0,194.0955015
39.0,135.8889695
79.0,283.1252094
70.0,245.2427203
75.0,267.1790104
53.0,186.9356462
23.0,82.43756501
43.0,146.2867782
24.0,87.76036175
26.0,85.56280693
49.0,172.7951702
33.0,118.2267883
59.0,209.5601139
76.0,272.4213353
100.0,362.0421229
96.0,335.9666885
23.0,83.41535689
68.0,244.6335186
20.0,66.38544197
61.0,223.2473066
56.0,196.0786327
29.0,101.9046011
31.0,112.9525763
29.0,96.69435801
82.0,292.1774167
78.0,280.8588623
99.0,351.4211477
99.0,347.6723383
46.0,161.7368695
37.0,130.3841296
67.0,233.1382365
82.0,290.618183
42.0,147.4870688
22.0,80.42495159
73.0,262.5974491
41.0,148.2257628
100.0,357.0924872
29.0,104.7124537
19.0,68.24392705
37.0,134.4459731
45.0,157.4058687
51.0,184.69981
100.0,355.8951039
56.0,197.2730126
23.0,84.48658764
100.0,353.8381927
16.0,58.28261531
95.0,337.1550219
18.0,62.53463829
94.0,336.5236729
58.0,202.3545385
11.0,39.05670605
88.0,311.0460958
33.0,117.856095
69.0,242.4652608
47.0,167.7045406
32.0,113.3354651
89.0,317.7146217
83.0,295.5055495
64.0,229.952856
67.0,240.107728
100.0,356.2684227
46.0,166.6523608
42.0,149.3632846
15.0,52.00797219
32.0,109.1469616
74.0,259.900723
50.0,181.2762703
29.0,104.5145469
43.0,150.9981854
97.0,348.5464665
35.0,126.7749212
80.0,284.9089972
72.0,257.3816404
85.0,305.7394717
54.0,194.0262623
36.0,128.0211864
23.0,77.40214925
13.0,49.28503296
62.0,220.0547642
36.0,125.6122776
47.0,167.1207967
69.0,244.1818392
65.0,232.6702357
20.0,70.20770114
40.0,140.3737325
33.0,119.6868639
30.0,109.08296
29.0,102.4582611
27.0,92.92957432
90.0,322.660707
59.0,210.8443494
75.0,263.3750447
75.0,265.8749687
13.0,46.57401993
18.0,64.70988356
31.0,112.0706407
36.0,125.4867164
70.0,247.4803463
88.0,310.0771395
42.0,148.4648245
32.0,115.552505
38.0,140.5311929
86.0,303.5614352
89.0,318.2708476
45.0,160.5471107
91.0,328.484604
46.0,167.1352804
78.0,276.2603779
70.0,247.8132733
100.0,356.7467816
62.0,224.7741278
56.0,194.2430827
98.0,350.2019853
32.0,115.3543379
34.0,124.4780998
58.0,209.9240389
10.0,33.45988582
13.0,45.75723345
14.0,54.51656478
38.0,140.7737107
61.0,215.3130793
23.0,80.977606
75.0,266.7925281
19.0,70.97470749
20.0,77.52464044
80.0,286.0660872
37.0,131.4947625
88.0,317.8270201
39.0,139.663301
94.0,330.7216
18.0,67.58062238
49.0,178.1451554
72.0,249.6328332
52.0,184.0961892
26.0,94.42876263
48.0,171.5389446
65.0,233.9894064
74.0,271.36513
91.0,325.6558158
13.0,47.60129082
65.0,232.2256845
35.0,128.7372869
98.0,345.2216408
48.0,169.6157745
83.0,299.9265797
85.0,304.2232926
89.0,316.6376611
49.0,171.4176165
16.0,59.3072258
70.0,252.1484106
97.0,348.6783865
51.0,178.2278365
85.0,302.3746247
13.0,46.1734284
34.0,119.0000482
55.0,196.4487991
14.0,47.57626686
50.0,174.4791088
75.0,261.0148949
43.0,152.1070032
60.0,213.8519171
56.0,200.3812647
100.0,354.4495579
45.0,162.0597348
12.0,41.3738608
64.0,232.8098953
46.0,159.0684125
35.0,127.2258024
46.0,162.8790751
15.0,49.67373838
43.0,153.8017429
33.0,119.539224
76.0,273.7063026
66.0,237.9195275
23.0,82.79208811
98.0,351.1142035
63.0,223.2988655
29.0,104.8200646
82.0,291.1947002
35.0,129.0694862
85.0,301.7448669
86.0,302.8879982
65.0,233.6433429
90.0,320.6784079
21.0,73.55234105
38.0,133.8775857
12.0,37.42374113
83.0,293.8314848
43.0,151.1967195
44.0,157.918206
28.0,102.2791829
61.0,216.9042717
75.0,269.3323638
63.0,218.1599843
91.0,324.1609442
88.0,313.1283776
85.0,301.6507764
69.0,248.4322622
15.0,56.88697574
34.0,120.0024179
93.0,335.5060119
17.0,59.80239291
21.0,75.26600102
72.0,256.6993408
54.0,200.4014788
13.0,44.79021789
53.0,182.9061686
99.0,347.1590861
39.0,141.009684
98.0,353.4355621
49.0,171.3933858
36.0,128.1335998
68.0,244.0284657
70.0,246.0905777
36.0,129.9458887
56.0,196.3964655
91.0,327.3305904
14.0,47.05770262
84.0,298.3720645
97.0,342.7989716
72.0,259.9760791
54.0,190.83278
43.0,145.4186567
12.0,44.41389565
47.0,167.1158814
57.0,201.3055442
47.0,166.9484692
47.0,169.2547079
96.0,342.952628
56.0,194.2322848
64.0,229.933365
81.0,289.6405858
15.0,53.72935589
52.0,190.1853454
10.0,37.3193283
93.0,329.1478082
48.0,173.0682943
52.0,181.059151
33.0,117.047403
38.0,136.1497932
29.0,105.433105
44.0,156.070975
27.0,98.37497073
58.0,208.8825784
56.0,194.9610328
69.0,247.5738851
45.0,159.0624812
86.0,305.7983315
47.0,166.9720246
50.0,175.9337802
95.0,342.8327117
61.0,212.9338993
36.0,134.9986474
58.0,205.5431339
47.0,170.4688777
86.0,306.6991275
57.0,201.4251375
54.0,195.2679052
46.0,166.0693596
18.0,62.32850707
25.0,93.4669033
19.0,67.48699862
54.0,195.0270446
60.0,213.9523895
26.0,91.27428359
23.0,85.58550551
38.0,136.9539111
96.0,338.7969989
21.0,64.57081108
66.0,230.3210909
52.0,190.8058971
59.0,211.0368497
83.0,291.8816194
73.0,261.938262
19.0,64.67600576
90.0,314.8117249
73.0,253.7634186
37.0,128.373973
28.0,99.9982348
99.0,351.5295188
70.0,249.7158008
76.0,264.6641446
82.0,292.9740224
22.0,77.64516073
91.0,320.6831486
33.0,118.3464052
76.0,269.3902063
61.0,218.5678072
92.0,331.9315106
53.0,186.8385884
71.0,248.7031099
51.0,178.0044789
68.0,244.9267479
32.0,111.4934346
10.0,34.11396192
72.0,253.7082243
49.0,172.8908763
59.0,212.3449809
90.0,312.5706663
96.0,344.8630125
10.0,37.15633949
80.0,284.2308094
50.0,174.2680324
94.0,333.5663815
22.0,81.22101849
30.0,108.4865117
64.0,225.4587115
79.0,280.1191449
35.0,128.4717346
87.0,314.1227914
15.0,52.68309686
82.0,292.7546803
56.0,202.5339757
42.0,153.5321895
46.0,162.4281991
89.0,317.4878689
74.0,267.2872416
83.0,293.3031876
99.0,354.2925152
52.0,186.9707267
38.0,132.1550752
82.0,294.4359896
19.0,65.25206495
73.0,258.8694192
14.0,48.94881206
80.0,284.2603503
20.0,68.81072262
71.0,252.0764263
13.0,48.15440304
21.0,77.61395601
48.0,170.6154248
13.0,52.30014963
49.0,176.7169009
87.0,305.7135791
93.0,326.4344483
93.0,331.0132524
21.0,75.82196435
33.0,117.5888528
94.0,336.7849071
96.0,342.198386
38.0,140.1370074
52.0,184.0915955
28.0,102.6790459
12.0,45.27366111
51.0,178.557418
44.0,157.7902917
99.0,354.9664218
27.0,99.35728704
52.0,185.8950197
98.0,351.8627923
90.0,323.0890584
95.0,335.3367393
28.0,102.9788304
23.0,78.15138175
58.0,201.9085053
59.0,210.2300459
37.0,130.4808906
49.0,165.6538521
37.0,134.6410155
97.0,342.4261322
50.0,175.4994966
99.0,351.0426188
97.0,342.0899468
58.0,206.4130386
28.0,96.9794153
76.0,268.892292
30.0,106.652765
25.0,90.81196516
50.0,178.146188
45.0,160.2409262
23.0,80.70133466
86.0,306.7707311
58.0,210.2238701
20.0,72.34626828
39.0,135.6150886
92.0,328.4519464
37.0,130.2686322
81.0,290.4074031
10.0,36.12642605
20.0,71.12471063
36.0,129.8559572
54.0,191.9649054
40.0,143.7043014
85.0,307.3095443
24.0,83.55712247
12.0,52.19893328
46.0,165.228835
71.0,253.6910094
20.0,70.03021409
90.0,322.3930252
94.0,336.6476274
98.0,346.1858447
23.0,81.43265885
24.0,83.48905348
26.0,95.0360686
23.0,80.68144883
46.0,164.5987215
26.0,97.74436434
25.0,88.43421795
17.0,61.88191017
27.0,94.63760923
96.0,344.664982
24.0,86.87918146
67.0,233.0850067
26.0,90.18167788
23.0,85.93989959
95.0,340.6233592
58.0,207.5720601
46.0,162.7009564
30.0,109.9760621
40.0,145.1731028
43.0,148.1785567
92.0,328.8426678
98.0,347.50737
92.0,330.2643204
54.0,189.6558121
52.0,182.9296042
77.0,270.0653225
84.0,295.7135652
44.0,159.267743
85.0,302.8317272
63.0,230.1243479
28.0,96.93005432
81.0,291.3200448
60.0,213.340699
45.0,157.65616
40.0,146.0792253
50.0,178.2776412
63.0,227.2929653
51.0,182.5264574
65.0,225.4525939
70.0,248.312749
50.0,176.6747499
45.0,156.4633708
45.0,164.1527348
31.0,112.1928797
20.0,73.75120184
25.0,88.88778996
48.0,165.9920562
12.0,40.56229358
27.0,96.7459122
75.0,268.8120326
53.0,188.2123858
26.0,89.84006146
79.0,281.3554191
64.0,225.9807912
25.0,91.25033955
25.0,88.39152161
22.0,81.23779626
76.0,270.3425712
64.0,228.4325974
55.0,198.1521866
87.0,308.7451176
58.0,198.9158424
21.0,77.28657273
51.0,182.5116139
14.0,46.58681598
19.0,66.3342674
72.0,257.2367226
92.0,331.7547553
84.0,299.2571021
17.0,55.79275944
33.0,116.6798911
53.0,191.8641318
34.0,130.342015
61.0,219.1887773
24.0,82.95910852
16.0,54.3187395
93.0,331.5415059
88.0,314.8714995
75.0,261.5153506
24.0,81.28853155
90.0,322.4667969
69.0,245.51018
32.0,114.6695418
76.0,269.0314009
40.0,139.9859534
66.0,242.2336763
47.0,164.7476296
82.0,288.7463385
19.0,67.28327311
97.0,341.1248757
93.0,328.6183478
53.0,192.3225804
98.0,351.4179127
14.0,48.94457673
77.0,273.4946458
67.0,238.7203655
52.0,186.0817907
19.0,63.5059943
70.0,251.2359124
25.0,84.30943506
41.0,152.510022
25.0,87.27977917
54.0,193.735841
33.0,123.8578104
69.0,248.1797166
51.0,181.1590403
69.0,248.2907867
80.0,287.314256
44.0,157.8854215
22.0,81.13090923
94.0,333.4228289
62.0,217.7730454
78.0,276.7211332
65.0,234.8878482
79.0,283.04186
57.0,202.7919917
16.0,54.87146753
31.0,109.3335321
58.0,204.833802
47.0,167.6726118
53.0,188.8248058
14.0,52.31974763
43.0,156.9208771
43.0,152.0970558
91.0,324.0969621
46.0,163.3497975
93.0,327.2404468
69.0,245.7603942
38.0,133.5416504
88.0,308.3063
24.0,86.93714373
80.0,286.9573333
33.0,110.7969059
55.0,198.6174502
74.0,261.2341445
26.0,93.88105612
100.0,360.1096828
78.0,279.6871741
75.0,266.2170235
34.0,121.23858
26.0,88.39640673
100.0,352.0133529
44.0,153.0361834
72.0,255.6630187
35.0,124.3064335
26.0,96.75762967
44.0,156.7171339
67.0,235.79587
92.0,325.1610137
91.0,326.0231094
39.0,141.9140783
32.0,115.3436166
77.0,274.5838423
34.0,117.111484
37.0,132.9857305
41.0,147.1501779
52.0,186.0681153
37.0,130.6762365
44.0,152.4606811
65.0,233.7412523
59.0,208.8594206
87.0,309.2154343
18.0,62.79673032
20.0,72.61550848
77.0,272.5494985
60.0,213.59437
19.0,67.43855035
54.0,191.5817244
96.0,345.1152975
96.0,342.6976454
43.0,153.0511109
13.0,49.90514092
43.0,155.6124386
36.0,132.1699982
12.0,42.43621949
75.0,263.8075933
37.0,131.9446678
38.0,140.0224896
20.0,72.76394233
41.0,151.794227
94.0,336.1285185
90.0,321.7444568
31.0,108.8523122
13.0,49.10778734
56.0,200.002557
62.0,223.0521522
17.0,55.37313085
18.0,62.80019843
36.0,129.8176825
68.0,238.337812
30.0,106.5992303
73.0,255.8052576
26.0,96.31729934
63.0,224.8081681
32.0,114.1926467
80.0,283.2811538
79.0,279.5126168
27.0,94.71314891
28.0,95.96736372
23.0,83.3869198
56.0,203.5649727
88.0,315.3768673
33.0,119.1906975
56.0,200.4501628
47.0,169.7622455
89.0,321.353775
64.0,232.3602699
20.0,71.37816586
85.0,303.0271396
68.0,245.4946136
89.0,314.6516345
54.0,191.1595594
74.0,261.5225806
84.0,301.0353218
98.0,350.3919102
26.0,88.35156547
87.0,306.2487772
49.0,170.806851
100.0,355.6437032
69.0,250.0282238
70.0,245.4126376
93.0,336.2135837
26.0,92.66783206
88.0,307.9807713
19.0,70.95160392
25.0,90.53373293
42.0,154.3461066
59.0,206.2240263
78.0,273.60741
16.0,57.15088632
94.0,336.3336192
37.0,128.7187909
45.0,162.2357016
64.0,222.4696465
81.0,291.3337296
46.0,165.2759528
100.0,355.3688708
30.0,108.360295
74.0,263.9934407
25.0,82.73231231
17.0,63.18462712
34.0,112.8147944
21.0,73.67573204
56.0,199.5647998
77.0,271.7395527
42.0,151.2248068
11.0,35.05080497
20.0,69.4310121
27.0,95.65706989
54.0,192.9436776
14.0,50.32466078
52.0,179.1528586
50.0,177.0023893
50.0,176.8909589
78.0,275.7605866
54.0,184.643663
57.0,200.0908822
56.0,197.1262712
94.0,332.6334624
58.0,204.3054142
74.0,265.9391924
96.0,337.2020617
82.0,291.5637059
48.0,175.001346
46.0,164.5918119
97.0,344.7151915
15.0,52.14299852
23.0,86.23968543
17.0,62.67089721
29.0,100.8025627
79.0,282.0397908
28.0,94.73689499
39.0,140.8227323
97.0,347.3233081
15.0,44.76171723
73.0,258.9137088
26.0,94.26338068
44.0,155.7968397
73.0,256.954759
75.0,263.5301403
59.0,213.4828328
22.0,72.56953736
93.0,327.3526318
39.0,139.7761666
22.0,80.25905423
19.0,66.31751682
63.0,225.4610415
66.0,235.9187645
92.0,327.8182529
84.0,299.0219882
47.0,166.7838325
46.0,166.2649357
45.0,168.6752956
59.0,207.2001801
15.0,51.37877069
11.0,34.05955871
88.0,311.9081452
21.0,78.82350018
65.0,228.4543835
91.0,327.304958
74.0,267.4578554
90.0,319.4801251
58.0,210.1743325
62.0,221.5407249
69.0,244.2670557
14.0,48.50317794
51.0,180.2701025
17.0,57.85481043
89.0,321.5551625
12.0,40.58860539
77.0,277.7545
35.0,123.4672451
45.0,160.1700141
69.0,244.3593923
36.0,130.308934
90.0,320.1647752
68.0,246.5262933
97.0,342.131861
88.0,313.5980144
37.0,129.2207028
26.0,91.42400652
100.0,354.6234629
85.0,303.2976855
55.0,194.5590745
52.0,184.9717778
34.0,114.6961146
70.0,249.273605
34.0,121.709956
74.0,260.0953411
20.0,74.78780996
76.0,275.7361419
50.0,173.1877931
33.0,117.5528494
14.0,47.39172408
34.0,123.3492232
47.0,172.2701919
79.0,287.583199
17.0,56.96744934
52.0,182.727109
38.0,141.2176727
86.0,307.7189371
33.0,116.0153021
33.0,118.4636653
23.0,85.0929438
66.0,236.891033
69.0,249.2061005
96.0,343.9108493
20.0,79.28170883
43.0,149.4068721
59.0,205.6847968
40.0,137.1688236
16.0,61.06091789
100.0,353.6186338
87.0,312.1486992
37.0,131.6662526
26.0,93.18048032
21.0,75.25843567
86.0,305.2043714
95.0,336.6571388
88.0,310.7435048
79.0,281.8609461
93.0,329.1673553
49.0,178.562485
39.0,138.4315947
53.0,186.5292231
49.0,173.8000165
78.0,279.8417838
95.0,344.9207919
55.0,193.9000676
90.0,323.8554048
20.0,71.07465941
57.0,209.5364989
37.0,129.8872684
49.0,172.2528762
31.0,114.0487612
16.0,59.08480912
24.0,86.73732416
62.0,222.5440304
99.0,353.0973035
99.0,353.5486523
75.0,267.8527494
68.0,240.9624117
98.0,352.3186779
26.0,90.79028582
15.0,56.22270792
75.0,264.8282337
61.0,213.0716274
16.0,53.21920964
53.0,189.6550645
13.0,46.63333169
62.0,219.9001444
21.0,75.12415924
61.0,216.5499263
13.0,51.33690796
67.0,237.0171391
90.0,315.1792046
50.0,176.9233723
12.0,45.3684816
75.0,268.5657321
60.0,215.7581688
74.0,266.3627574
10.0,37.08405319
54.0,199.0335836
40.0,146.8899396
51.0,181.3418933
80.0,286.7241475
14.0,55.57428349
29.0,105.320521
61.0,215.9117227
83.0,296.2449421
15.0,55.44668068
39.0,145.7086026
58.0,208.8131736
64.0,226.7806507
59.0,206.6212101
89.0,314.25191
64.0,225.7821031
14.0,50.49789748
54.0,195.8150488
40.0,143.1785436
23.0,77.78736554
67.0,237.488704
37.0,128.1104963
33.0,118.5002089
97.0,345.9467083
67.0,238.3346609
27.0,96.01512547
46.0,164.256028
17.0,60.64135781
70.0,248.981991
97.0,348.4529616
100.0,357.7881952
18.0,59.54822642
63.0,225.7454019
47.0,166.45073
77.0,270.1674917
60.0,217.0082053
12.0,40.69035888
58.0,209.9160703
66.0,236.411755
98.0,346.9490364
23.0,80.27251748
29.0,104.4211823
57.0,201.4312428
10.0,34.78708531
97.0,344.0295871
62.0,218.1731421
78.0,270.6535949
32.0,113.6751386
56.0,199.0041018
44.0,158.6730922
25.0,93.293216
46.0,166.49574
49.0,173.6120794
84.0,298.8823429
12.0,40.15359647
99.0,355.9261224
47.0,172.8780528
31.0,107.3165162
64.0,225.8049954
88.0,314.3113297
94.0,334.2461302
13.0,49.49801278
94.0,334.7914212
61.0,214.3465426
75.0,265.2172358
83.0,292.313545
10.0,37.069275
84.0,305.1819706
27.0,97.93025316
66.0,240.8906045
60.0,210.069569
44.0,155.6302295
11.0,38.86596606
38.0,134.3960949
35.0,124.1763504
49.0,177.3087891
63.0,225.8508972
26.0,94.50404095
39.0,138.8562113
31.0,113.5480982
32.0,110.3772781
14.0,53.87149398
77.0,273.7988825
69.0,245.6431449
88.0,317.1594292
93.0,326.0358817
10.0,33.71960742
85.0,298.3137084
91.0,324.8713637
92.0,327.8695387
25.0,90.62518481
33.0,113.3965237
77.0,274.9067731
69.0,245.3328876
25.0,90.04268581
67.0,239.6004589
47.0,166.9758535
81.0,287.9154222
98.0,349.6410831
78.0,279.5227695
35.0,123.5652911
26.0,91.7104474
58.0,211.7283823
46.0,159.4508481
60.0,216.6682401
51.0,185.0487647
27.0,99.96302723
55.0,191.5212661
88.0,313.1249453
33.0,120.252124
43.0,154.2647062
84.0,296.6152122
97.0,343.4816646
49.0,175.5391351
54.0,193.8712032
15.0,48.27654502
68.0,243.3928083
37.0,132.8755737
79.0,285.6838804
96.0,342.9582007
56.0,204.1140192
31.0,106.7625412
34.0,120.1130232
62.0,216.2518814
38.0,128.9935813
32.0,111.1881219
91.0,324.6273336
30.0,105.5402871
53.0,185.0330295
87.0,308.2204699
92.0,323.4020966
97.0,349.3943713
99.0,347.5524099
68.0,243.3430795
73.0,263.0079568
73.0,260.1410479
20.0,70.88148393
38.0,139.0004943
79.0,280.3209694
48.0,172.524878
79.0,286.0745214
28.0,95.67204115
61.0,220.8382216
59.0,212.4086283
99.0,349.6352619
66.0,232.4095312
12.0,46.74453019
14.0,47.20872537
37.0,129.1776006
95.0,338.2973414
74.0,263.5298439
85.0,304.9218522
17.0,60.56969734
42.0,146.8234527
60.0,219.1544568
32.0,114.7290885
29.0,102.160097
56.0,201.9764459
11.0,36.9690515
57.0,204.2368808
95.0,337.0168508
70.0,248.034799
46.0,154.8304186
84.0,294.0207823
72.0,256.3737002
14.0,45.77378949
52.0,182.7775529
13.0,40.56580781
76.0,269.9524569
93.0,330.7429786
31.0,110.0272035
31.0,110.6422897
62.0,219.1695306
47.0,160.5020705
87.0,305.2916435
52.0,187.710916
94.0,330.30906
14.0,51.36711319
45.0,153.5787045
20.0,68.65396305
63.0,221.1447837
80.0,280.2136399
85.0,300.0219219
88.0,314.4924171
26.0,91.56749737
47.0,164.6803039
75.0,269.8695308
63.0,225.4633762
90.0,321.5275916
69.0,246.2388495
45.0,158.3131509
40.0,145.522259
60.0,212.9957539
46.0,160.0951532
68.0,241.0343466
38.0,139.2286275
76.0,275.4277547
20.0,67.57490362
78.0,280.1919658
85.0,300.249264
56.0,205.4840995
39.0,133.4247192
78.0,278.8508346
54.0,190.2520081
25.0,85.6443847
65.0,232.107967
85.0,304.3024959
59.0,210.486536
57.0,203.9487779
28.0,99.73547127
18.0,65.06488853
29.0,101.7190725
95.0,335.6043224
60.0,213.7171527
60.0,208.827418
64.0,233.4035373
71.0,250.1517552
100.0,353.7459182
72.0,257.4434401
99.0,352.8213765
43.0,152.049374
89.0,313.0552815
68.0,238.0909092
40.0,139.5172092
51.0,183.6163499
17.0,58.09863066
47.0,165.5760459
32.0,113.3008572
45.0,159.5095337
46.0,158.8004728
49.0,170.2013952
65.0,231.3513943
74.0,263.4299319
75.0,272.4127729
33.0,117.7516434
80.0,284.1730009
17.0,61.39875271
100.0,356.4412903
13.0,48.15867528
87.0,310.0488048
80.0,288.6605546
25.0,89.75857399
65.0,227.624483
15.0,56.34621181
90.0,322.8478529
87.0,313.1932687
87.0,310.1228399
35.0,122.065538
58.0,207.2787158
11.0,36.97050118
85.0,301.7104781
64.0,223.8618866
69.0,245.4635049
38.0,134.7842978
42.0,150.4635226
10.0,40.69590144
88.0,315.0931833
18.0,60.91377507
77.0,271.690631
24.0,84.1969111
87.0,306.9010938
64.0,231.6576938
20.0,59.49157912
68.0,244.4055513
20.0,68.32842672
43.0,152.2054523
70.0,245.5141816
64.0,226.7274918
41.0,143.4926191
23.0,82.77529468
52.0,182.6859507
23.0,83.35221964
61.0,215.1537313
51.0,188.0915735
18.0,68.20662226
77.0,272.8654886
39.0,133.678656
33.0,118.0929681
10.0,36.56273
16.0,53.79021764
37.0,135.7213798
33.0,114.6774526
71.0,253.8599728
75.0,265.8166987
19.0,66.91309675
77.0,279.2244259
74.0,263.2191068
70.0,251.7579931
33.0,118.5082625
58.0,209.2938943
13.0,52.44377341
80.0,283.5399283
34.0,117.971425
19.0,64.57192004
78.0,277.9719036
38.0,137.5862512
94.0,333.0484425
68.0,241.2753185
27.0,98.92909094
57.0,201.0811349
76.0,271.222418
97.0,343.6733749
53.0,191.4832078
15.0,51.32043539
87.0,303.5941572
54.0,190.2844643
37.0,132.4269998
25.0,83.4309074
67.0,240.361592
93.0,326.6530006
58.0,210.5247184
59.0,211.176946
90.0,318.5450016
99.0,348.2742503
47.0,166.3548254
100.0,356.2562363
20.0,69.83370712
53.0,190.6822352
38.0,138.0269028
19.0,68.48861968
69.0,241.1762462
23.0,80.75858475
25.0,90.30092951
39.0,140.0247392
100.0,356.5177011
12.0,44.99813919
46.0,158.6679165
15.0,48.19920075
91.0,318.145612
79.0,282.6928978
23.0,79.20466841
96.0,347.4850616
70.0,245.158013
95.0,342.374752
75.0,265.4659135
62.0,223.0432993
99.0,351.0736614
33.0,114.9270444
16.0,64.56053498
49.0,179.3932673
14.0,49.11321626
72.0,258.4322606
63.0,223.2373898
66.0,237.1121183
76.0,271.1326152
88.0,311.5114489
25.0,87.90067563
76.0,269.7375692
20.0,72.46791334
19.0,66.57050729
15.0,55.67421374
14.0,49.66101465
24.0,82.13347229
75.0,262.6487631
27.0,93.19571336
14.0,49.76578638
72.0,254.4566617
72.0,256.173987
82.0,294.9693245
66.0,234.7771716
83.0,295.053625
61.0,218.9726225
64.0,229.4978002
18.0,59.63995335
61.0,219.0783537
34.0,118.3347584
68.0,238.6757108
30.0,106.9208496
48.0,167.8567745
22.0,84.11566339
25.0,89.41418055
88.0,310.4803676
78.0,282.9319733
10.0,38.67562299
20.0,65.54022346
38.0,137.5672188
51.0,177.4958727
89.0,317.4710443
40.0,141.2633298
38.0,134.1887091
44.0,161.4546797
99.0,349.3763302
36.0,135.3563456
14.0,49.64602089
41.0,146.9465532
43.0,151.641576
34.0,114.3825324
75.0,264.7857008
39.0,143.5997589
56.0,210.5689447
30.0,104.5832771
80.0,286.5328686
15.0,54.92793416
25.0,90.70924854
49.0,179.1315561
93.0,333.3198427
54.0,188.3637431
22.0,80.92197504
46.0,163.2310879
30.0,108.6490758
40.0,140.7327718
11.0,40.81688385
18.0,63.09085922
97.0,343.7695329
79.0,277.9127111
44.0,158.5720707
88.0,312.5797894
29.0,106.9995338
40.0,143.5374924
32.0,111.4535967
65.0,231.3045141
13.0,45.80862974
45.0,155.5045801
80.0,282.8596166
76.0,271.825973
90.0,316.3712379
32.0,117.097778
52.0,182.977191
24.0,82.39930061
15.0,53.62777047
10.0,37.94248252
59.0,210.812733
47.0,163.3418086
77.0,272.4063387
29.0,100.2770539
38.0,142.2229816
48.0,166.2003482
30.0,108.2983242
36.0,129.358352
86.0,307.2977603
70.0,250.7257902
86.0,309.6652149
21.0,75.89440591
81.0,287.637807
41.0,141.314699
76.0,273.9691943
57.0,203.7718264
98.0,345.962898
72.0,254.3806868
99.0,357.392992
23.0,82.64871392
10.0,41.21001616
27.0,98.55411089
87.0,309.1409745
53.0,187.4408659
80.0,281.5009425
63.0,220.344136
42.0,147.2263754
70.0,247.150991
64.0,226.9880817
75.0,266.9140375
22.0,77.9952183
82.0,290.4587084
66.0,230.667327
28.0,97.31993362
74.0,265.1394241
29.0,103.3118478
32.0,113.1278448
23.0,80.29530381
17.0,61.89592054
76.0,268.3858364
10.0,35.87378251
73.0,261.3611269
74.0,266.65539
72.0,257.8459605
65.0,231.1410974
78.0,275.4868697
83.0,296.3267871
25.0,87.52421849
51.0,185.5518229
50.0,176.9105105
73.0,261.9545474
64.0,226.4382638
25.0,89.30548354
16.0,53.55799661
30.0,108.423201
99.0,347.693601
78.0,272.7931535
21.0,69.80773201
76.0,268.9224504
74.0,263.3726776
23.0,84.3023981
95.0,341.2521798
35.0,124.2568582
90.0,321.1344333
41.0,142.4169063
31.0,114.7531983
96.0,340.1997788
38.0,133.9282262
55.0,198.5276446
41.0,152.7138975
64.0,227.1903317
58.0,209.0179563
75.0,263.4491801
77.0,271.5422959
89.0,318.3029878
40.0,145.9098049
85.0,301.3706769
16.0,51.48248853
17.0,63.19952192
59.0,212.2717173
53.0,192.0977956
72.0,258.3754259
51.0,181.2581603
90.0,319.1462523
16.0,56.85809932
50.0,180.3298596
25.0,87.33887423
79.0,283.4302118
82.0,286.0666786
88.0,314.6008061
19.0,68.17931746
67.0,236.9798995
77.0,272.3489452
82.0,297.2994034
26.0,90.01227664
34.0,117.2463276
62.0,221.4837689
10.0,34.77154801
72.0,253.2699162
17.0,58.43598521
92.0,327.5925024
40.0,140.4416289
68.0,244.4277846
49.0,173.8782046
72.0,253.6512936
89.0,314.8244547
20.0,71.64470129
41.0,146.0486457
17.0,58.44532347
23.0,84.68370693
70.0,253.9130819
22.0,78.80989575
35.0,120.9375094
60.0,212.5162269
61.0,220.0359021
40.0,144.1559099
19.0,70.07419924
59.0,209.8044787
10.0,40.51910041
58.0,209.1945385
48.0,170.3719886
35.0,123.8685578
28.0,98.1061183
56.0,194.5256135
89.0,317.3168665
70.0,253.1724036
29.0,102.7241955
85.0,303.2443019
96.0,340.8595692
67.0,233.9109001
56.0,201.5816832
46.0,160.986847
65.0,235.1325966
21.0,74.25911521
48.0,173.4901605
28.0,103.6206304
77.0,273.3941501
71.0,248.9141465
77.0,273.202171
64.0,231.2788009
35.0,123.2758262
21.0,70.55455871
50.0,173.833527
40.0,141.6677011
26.0,93.03341835
94.0,326.2694128
22.0,76.14281235
26.0,89.79028845
45.0,162.6508972
37.0,131.2500263
54.0,192.1091752
80.0,285.2438359
74.0,258.443524
97.0,344.2288883
89.0,317.8664887
34.0,126.0282242
62.0,220.6699758
43.0,150.1102653
26.0,94.32551695
81.0,290.3717146
92.0,326.3936019
32.0,106.450803
46.0,168.5041441
19.0,66.80199669
40.0,133.021187
76.0,274.0390217
43.0,152.4371646
18.0,62.97088923
85.0,296.2102472
70.0,247.890795
46.0,169.4468283
29.0,102.9582036
20.0,71.48069286
83.0,300.0458537
18.0,64.97856795
99.0,357.133617
28.0,99.01487053
24.0,88.89097675
59.0,209.5932192
11.0,35.63796975
65.0,233.5250041
83.0,293.4955055
25.0,94.78572882
52.0,182.0172522
93.0,336.3264626
80.0,280.6608775
87.0,311.6053074
90.0,322.6051055
18.0,66.89880637
70.0,252.7448024
56.0,199.6925537
36.0,129.3323791
76.0,270.4629073
100.0,354.7647676
30.0,103.3493972
46.0,163.6670703
76.0,268.536964
28.0,100.8682615
93.0,330.0737233
81.0,286.3104178
12.0,38.13925808
16.0,59.33841514
53.0,188.1229704
56.0,198.1224608
79.0,279.998199
71.0,255.7732487
84.0,300.6009998
66.0,232.1468805
13.0,50.59803638
62.0,216.1390948
34.0,119.8437713
28.0,99.89737179
72.0,256.1426344
36.0,128.1369482
40.0,143.4349155
93.0,332.9933237
98.0,351.3836194
66.0,236.0969659
70.0,248.1270603
37.0,132.8280043
81.0,287.1502956
88.0,317.0374264
82.0,294.1029625
97.0,347.3104195
63.0,218.830545
81.0,289.3677748
47.0,170.671078
31.0,116.3549948
66.0,237.953122
86.0,308.9307731
60.0,214.1153027
76.0,270.6672913
84.0,299.0457753
29.0,104.6554025
88.0,311.0813249
57.0,199.278153
29.0,103.7651204
14.0,47.02611484
56.0,202.760593
64.0,226.6036939
62.0,218.216213
92.0,326.096435
79.0,281.4104149
33.0,121.3269117
34.0,121.9495696
38.0,133.4760122
40.0,147.5658151
74.0,260.7008823
35.0,125.2761007
38.0,142.3570945
75.0,265.9656193
74.0,263.1378881
62.0,221.3185087
80.0,281.1765126
99.0,348.6417083
88.0,313.3414466
14.0,47.78985827
45.0,161.5821401
29.0,101.0405115
55.0,193.6525137
43.0,152.0515512
97.0,346.3527557
20.0,66.45367692
50.0,174.8927672
32.0,111.453157
100.0,356.3362079
69.0,250.4564617
64.0,229.217894
16.0,49.16942945
87.0,311.2083867
11.0,39.21297668
34.0,118.859904
24.0,84.99258673
74.0,262.6597435
63.0,219.6017346
99.0,351.6684932
72.0,258.2394533
95.0,331.594008
55.0,196.161492
16.0,56.4627635
24.0,84.80889175
28.0,103.7700567
26.0,93.32296279
87.0,310.8965435
27.0,91.69977322
97.0,344.2254063
30.0,110.2396605
38.0,139.5053064
66.0,230.8171989
87.0,309.6042336
42.0,150.7074655
63.0,222.6903721
58.0,207.6358469
98.0,348.4970199
92.0,331.3565856
25.0,92.56307125
99.0,350.3274806
34.0,116.2559525
58.0,204.6553016
53.0,192.4357787
85.0,305.1813506
36.0,129.2366754
34.0,124.8653926
94.0,332.5900956
45.0,155.2336339
43.0,158.2727043
74.0,255.856644
99.0,349.1560315
85.0,297.1053817
19.0,65.32239428
58.0,202.8868815
55.0,196.5427867
50.0,184.5395186
51.0,184.5479788
23.0,85.69000563
63.0,222.9110745
76.0,272.9416164
68.0,242.8010569
95.0,337.8234552
13.0,53.3680028
83.0,300.5207358
78.0,277.9782531
44.0,157.7260806
16.0,54.57855736
54.0,191.6377878
25.0,89.39045885
89.0,310.4725062
43.0,151.1689243
80.0,282.5939877
91.0,320.4397694
46.0,158.6215801
32.0,108.8853159
95.0,340.6237637
98.0,350.2593982
78.0,277.4594362
50.0,178.1463431
54.0,192.9638874
31.0,109.8232067
34.0,115.6900484
61.0,218.13099
49.0,175.1861676
15.0,54.32301471
86.0,304.7199358
40.0,139.4600968
79.0,283.4678628
47.0,168.4997705
14.0,45.55690769
51.0,184.2395531
47.0,167.4081017
51.0,179.2364139
53.0,190.3354223
96.0,344.6565241
47.0,164.5722371
98.0,350.1683343
96.0,342.0394521
50.0,178.6355576
80.0,283.1998889
86.0,309.7449531
65.0,236.7067244
19.0,70.87944522
18.0,67.39598752
37.0,133.9506811
18.0,56.79460661
34.0,116.151319
35.0,125.1482062
24.0,91.0654531
59.0,210.5037124
20.0,70.50156181
79.0,279.7149704
19.0,67.66277336
62.0,219.7573225
65.0,229.7089662
81.0,292.177771
30.0,110.0161747
84.0,298.9910789
22.0,79.61416319
58.0,207.624235
62.0,222.592925
21.0,71.92646932
15.0,54.68286208
83.0,294.6586689
22.0,71.99035308
28.0,99.43162185
24.0,89.40602806
73.0,256.9016473
31.0,111.7938657
38.0,139.3446605
34.0,118.692777
39.0,146.0565226
63.0,228.6158922
25.0,95.2140988
50.0,180.8107207
25.0,92.84837436
43.0,149.2324311
55.0,196.4569343
97.0,338.2614835
32.0,115.1220044
71.0,252.3732128
66.0,235.6225023
58.0,211.9927344
64.0,228.7836731
73.0,259.5772624
45.0,162.7540906
78.0,274.793308
54.0,186.2853227
15.0,54.19133015
81.0,286.823796
16.0,54.26761664
11.0,35.10150553
50.0,184.0402125
41.0,146.6595162
41.0,148.1300442
54.0,190.9775407
28.0,100.8050371
23.0,84.19134063
13.0,46.12759555
26.0,90.03770827
98.0,349.0638325
64.0,226.0179062
24.0,83.14710788
38.0,137.6605628
41.0,148.0600815
32.0,112.8582906
75.0,264.9989865
82.0,285.3921433
12.0,44.02356801
91.0,327.0055885
30.0,110.2188976
36.0,119.2207147
72.0,259.992715
90.0,321.9573372
65.0,231.3702065
91.0,326.5119941
95.0,336.4318516
13.0,48.53912162
77.0,272.5367838
100.0,353.7470106
59.0,210.3493507
53.0,187.8129057
14.0,47.04218287
71.0,248.1605299
18.0,64.19337778
21.0,77.38879735
87.0,312.3512598
65.0,229.998704
67.0,233.5076225
72.0,260.143266
49.0,171.4453032
67.0,239.525809
44.0,155.3376613
98.0,347.9878618
46.0,162.3714748
60.0,211.2108061
61.0,225.8221508
23.0,80.4419939
12.0,41.90670866
28.0,98.41240438
26.0,91.25692569
59.0,214.538217
57.0,199.4783271
77.0,272.5490106
32.0,119.2234816
89.0,316.0589847
67.0,242.6519857
23.0,84.82326317
81.0,290.4388997
28.0,101.4529068
34.0,124.7625062
94.0,333.055041
30.0,104.9549191
81.0,288.9235024
66.0,234.6848944
60.0,214.5606694
43.0,151.6920999
71.0,249.577754
42.0,153.4022709
36.0,129.5227154
90.0,318.9592326
37.0,130.2634105
11.0,37.59292526
10.0,32.82550766
14.0,50.93199643
33.0,112.3154077
31.0,110.4393737
77.0,272.7812221
60.0,211.4791456
54.0,194.3872685
41.0,146.9844593
82.0,292.9578942
40.0,141.7106381
65.0,233.2927075
26.0,92.1842394
88.0,311.9119717
85.0,303.0606747
77.0,273.2603079
45.0,158.5387703
16.0,59.78506486
35.0,119.121765
27.0,98.350313
36.0,130.9007509
32.0,115.4899963
64.0,226.5081159
63.0,226.5692067
23.0,84.80777196
31.0,109.5943019
40.0,144.9858839
72.0,255.4199022
43.0,153.887538
34.0,122.2917091
11.0,37.99292289
44.0,161.1069719
51.0,178.5226415
16.0,53.2142485
14.0,46.9175841
77.0,277.7334087
44.0,154.2330303
65.0,235.6033258
60.0,214.7866392
37.0,134.409246
79.0,284.7087359
11.0,39.78811714
11.0,37.72268433
67.0,235.9204286
53.0,192.1249092
43.0,154.9981773
42.0,151.7320042
61.0,217.3924532
60.0,210.9592176
60.0,219.1485184
18.0,65.27423647
66.0,238.7115434
88.0,309.9038963
85.0,301.9941161
55.0,194.2077346
12.0,41.71036588
41.0,149.3456181
14.0,53.70202085
60.0,210.6800156
54.0,188.7232018
93.0,327.4662875
99.0,355.8071214
19.0,66.3938002
16.0,52.42379978
26.0,94.6858656
71.0,249.1019155
44.0,163.6314574
71.0,253.6104113
42.0,148.2024141
